suite,arm,perturbation,task_name,trial,instruction,pick,place,prompts,outcome0,outcome1,disagree,c1_sha,c0_proxy_sha,c0_proxy_source
spatial,shadow_k2,position,pick_up_the_black_bowl_between_the_plate_and_the_ramekin_and_place_it_on_the_plate,2,Pick the akita black bowl between the plate and the ramekin and place it on the plate,akita_black_bowl,plate,"[""small round bowl"", ""black bowl"", ""bowl"", ""round black container"", ""dark bowl"", ""plate"", ""white plate"", ""ramekin""]",0,1,1,19e14a0d8fb7c78a,19e14a0d8fb7c78a,shadow_winner0
spatial,shadow_k2,position,pick_up_the_black_bowl_between_the_plate_and_the_ramekin_and_place_it_on_the_plate,3,Pick the akita black bowl between the plate and the ramekin and place it on the plate,akita_black_bowl,plate,"[""small round bowl"", ""black bowl"", ""bowl"", ""round black container"", ""dark bowl"", ""plate"", ""white plate"", ""ramekin""]",0,1,1,acfebcf6b8abd1be,19e14a0d8fb7c78a,shadow_winner0
spatial,shadow_k2,position,pick_up_the_black_bowl_between_the_plate_and_the_ramekin_and_place_it_on_the_plate,7,Pick the akita black bowl between the plate and the ramekin and place it on the plate,akita_black_bowl,plate,"[""small round bowl"", ""black bowl"", ""bowl"", ""round black container"", ""dark bowl"", ""plate"", ""white plate"", ""ramekin""]",0,1,1,19e14a0d8fb7c78a,19e14a0d8fb7c78a,shadow_winner0
spatial,shadow_k2,position,pick_up_the_black_bowl_between_the_plate_and_the_ramekin_and_place_it_on_the_plate,9,Pick the akita black bowl between the plate and the ramekin and place it on the plate,akita_black_bowl,plate,"[""small round bowl"", ""black bowl"", ""bowl"", ""round black container"", ""dark bowl"", ""plate"", ""white plate"", ""ramekin""]",0,1,1,46bf38a5649e873a,19e14a0d8fb7c78a,shadow_winner0
spatial,shadow_k2,position,pick_up_the_black_bowl_next_to_the_ramekin_and_place_it_on_the_plate,2,Pick the akita black bowl next to the ramekin and place it on the plate,akita_black_bowl,plate,"[""small round bowl"", ""black bowl"", ""bowl"", ""round black container"", ""dark bowl"", ""plate"", ""white plate"", ""ramekin""]",0,0,0,bba37e83e552102e,35ed9d2bd96b3d4e,shadow_winner0
spatial,shadow_k2,position,pick_up_the_black_bowl_next_to_the_ramekin_and_place_it_on_the_plate,3,Pick the akita black bowl next to the ramekin and place it on the plate,akita_black_bowl,plate,"[""small round bowl"", ""black bowl"", ""bowl"", ""round black container"", ""dark bowl"", ""plate"", ""white plate"", ""ramekin""]",0,1,1,40eafe78f63c31bf,35ed9d2bd96b3d4e,shadow_winner0
spatial,shadow_k2,position,pick_up_the_black_bowl_next_to_the_ramekin_and_place_it_on_the_plate,6,Pick the akita black bowl next to the ramekin and place it on the plate,akita_black_bowl,plate,"[""small round bowl"", ""black bowl"", ""bowl"", ""round black container"", ""dark bowl"", ""plate"", ""white plate"", ""ramekin""]",0,0,0,8e910749b26c0856,35ed9d2bd96b3d4e,shadow_winner0
spatial,shadow_k2,position,pick_up_the_black_bowl_on_the_cookie_box_and_place_it_on_the_plate,0,Pick the akita black bowl on the cookies box and place it on the plate,akita_black_bowl,plate,"[""small round bowl"", ""black bowl"", ""bowl"", ""round black container"", ""dark bowl"", ""plate"", ""white plate"", ""cookie box""]",0,0,0,5d0f7c4725472b69,5d0f7c4725472b69,baseline_primary
spatial,shadow_k2,position,pick_up_the_black_bowl_on_the_cookie_box_and_place_it_on_the_plate,1,Pick the akita black bowl on the cookies box and place it on the plate,akita_black_bowl,plate,"[""small round bowl"", ""black bowl"", ""bowl"", ""round black container"", ""dark bowl"", ""plate"", ""white plate"", ""cookie box""]",0,0,0,cc05084effd3193e,5d0f7c4725472b69,baseline_primary
spatial,shadow_k2,position,pick_up_the_black_bowl_on_the_cookie_box_and_place_it_on_the_plate,2,Pick the akita black bowl on the cookies box and place it on the plate,akita_black_bowl,plate,"[""small round bowl"", ""black bowl"", ""bowl"", ""round black container"", ""dark bowl"", ""plate"", ""white plate"", ""cookie box""]",0,0,0,5d0f7c4725472b69,5d0f7c4725472b69,baseline_primary
spatial,shadow_k2,position,pick_up_the_black_bowl_on_the_cookie_box_and_place_it_on_the_plate,3,Pick the akita black bowl on the cookies box and place it on the plate,akita_black_bowl,plate,"[""small round bowl"", ""black bowl"", ""bowl"", ""round black container"", ""dark bowl"", ""plate"", ""white plate"", ""cookie box""]",0,0,0,903004a08d909287,5d0f7c4725472b69,baseline_primary
spatial,shadow_k2,position,pick_up_the_black_bowl_on_the_cookie_box_and_place_it_on_the_plate,4,Pick the akita black bowl on the cookies box and place it on the plate,akita_black_bowl,plate,"[""small round bowl"", ""black bowl"", ""bowl"", ""round black container"", ""dark bowl"", ""plate"", ""white plate"", ""cookie box""]",0,0,0,903004a08d909287,5d0f7c4725472b69,baseline_primary
spatial,shadow_k2,position,pick_up_the_black_bowl_on_the_cookie_box_and_place_it_on_the_plate,5,Pick the akita black bowl on the cookies box and place it on the plate,akita_black_bowl,plate,"[""small round bowl"", ""black bowl"", ""bowl"", ""round black container"", ""dark bowl"", ""plate"", ""white plate"", ""cookie box""]",0,0,0,cc05084effd3193e,5d0f7c4725472b69,baseline_primary
spatial,shadow_k2,position,pick_up_the_black_bowl_on_the_cookie_box_and_place_it_on_the_plate,6,Pick the akita black bowl on the cookies box and place it on the plate,akita_black_bowl,plate,"[""small round bowl"", ""black bowl"", ""bowl"", ""round black container"", ""dark bowl"", ""plate"", ""white plate"", ""cookie box""]",0,0,0,5d0f7c4725472b69,5d0f7c4725472b69,baseline_primary
spatial,shadow_k2,position,pick_up_the_black_bowl_on_the_cookie_box_and_place_it_on_the_plate,7,Pick the akita black bowl on the cookies box and place it on the plate,akita_black_bowl,plate,"[""small round bowl"", ""black bowl"", ""bowl"", ""round black container"", ""dark bowl"", ""plate"", ""white plate"", ""cookie box""]",0,0,0,5d0f7c4725472b69,5d0f7c4725472b69,baseline_primary
spatial,shadow_k2,position,pick_up_the_black_bowl_on_the_cookie_box_and_place_it_on_the_plate,8,Pick the akita black bowl on the cookies box and place it on the plate,akita_black_bowl,plate,"[""small round bowl"", ""black bowl"", ""bowl"", ""round black container"", ""dark bowl"", ""plate"", ""white plate"", ""cookie box""]",0,0,0,5d0f7c4725472b69,5d0f7c4725472b69,baseline_primary
spatial,shadow_k2,position,pick_up_the_black_bowl_on_the_cookie_box_and_place_it_on_the_plate,9,Pick the akita black bowl on the cookies box and place it on the plate,akita_black_bowl,plate,"[""small round bowl"", ""black bowl"", ""bowl"", ""round black container"", ""dark bowl"", ""plate"", ""white plate"", ""cookie box""]",0,0,0,5d0f7c4725472b69,5d0f7c4725472b69,baseline_primary
spatial,shadow_k2,position,pick_up_the_black_bowl_in_the_top_drawer_of_the_wooden_cabinet_and_place_it_on_the_plate,0,Pick the akita black bowl in the top layer of the wooden cabinet and place it on the plate,akita_black_bowl,plate,"[""small round bowl"", ""black bowl"", ""bowl"", ""round black container"", ""dark bowl"", ""plate"", ""white plate"", ""wooden cabinet""]",0,0,0,13ec2afd3bf696b9,13ec2afd3bf696b9,baseline_primary
spatial,shadow_k2,position,pick_up_the_black_bowl_in_the_top_drawer_of_the_wooden_cabinet_and_place_it_on_the_plate,1,Pick the akita black bowl in the top layer of the wooden cabinet and place it on the plate,akita_black_bowl,plate,"[""small round bowl"", ""black bowl"", ""bowl"", ""round black container"", ""dark bowl"", ""plate"", ""white plate"", ""wooden cabinet""]",0,0,0,752cad037563b39a,13ec2afd3bf696b9,baseline_primary
spatial,shadow_k2,position,pick_up_the_black_bowl_in_the_top_drawer_of_the_wooden_cabinet_and_place_it_on_the_plate,2,Pick the akita black bowl in the top layer of the wooden cabinet and place it on the plate,akita_black_bowl,plate,"[""small round bowl"", ""black bowl"", ""bowl"", ""round black container"", ""dark bowl"", ""plate"", ""white plate"", ""wooden cabinet""]",0,0,0,752cad037563b39a,13ec2afd3bf696b9,baseline_primary
spatial,shadow_k2,position,pick_up_the_black_bowl_in_the_top_drawer_of_the_wooden_cabinet_and_place_it_on_the_plate,3,Pick the akita black bowl in the top layer of the wooden cabinet and place it on the plate,akita_black_bowl,plate,"[""small round bowl"", ""black bowl"", ""bowl"", ""round black container"", ""dark bowl"", ""plate"", ""white plate"", ""wooden cabinet""]",0,0,0,13ec2afd3bf696b9,13ec2afd3bf696b9,baseline_primary
spatial,shadow_k2,position,pick_up_the_black_bowl_in_the_top_drawer_of_the_wooden_cabinet_and_place_it_on_the_plate,4,Pick the akita black bowl in the top layer of the wooden cabinet and place it on the plate,akita_black_bowl,plate,"[""small round bowl"", ""black bowl"", ""bowl"", ""round black container"", ""dark bowl"", ""plate"", ""white plate"", ""wooden cabinet""]",0,0,0,d6acb346de1970b8,13ec2afd3bf696b9,baseline_primary
spatial,shadow_k2,position,pick_up_the_black_bowl_in_the_top_drawer_of_the_wooden_cabinet_and_place_it_on_the_plate,5,Pick the akita black bowl in the top layer of the wooden cabinet and place it on the plate,akita_black_bowl,plate,"[""small round bowl"", ""black bowl"", ""bowl"", ""round black container"", ""dark bowl"", ""plate"", ""white plate"", ""wooden cabinet""]",0,0,0,752cad037563b39a,13ec2afd3bf696b9,baseline_primary
spatial,shadow_k2,position,pick_up_the_black_bowl_in_the_top_drawer_of_the_wooden_cabinet_and_place_it_on_the_plate,6,Pick the akita black bowl in the top layer of the wooden cabinet and place it on the plate,akita_black_bowl,plate,"[""small round bowl"", ""black bowl"", ""bowl"", ""round black container"", ""dark bowl"", ""plate"", ""white plate"", ""wooden cabinet""]",0,0,0,13ec2afd3bf696b9,13ec2afd3bf696b9,baseline_primary
spatial,shadow_k2,position,pick_up_the_black_bowl_in_the_top_drawer_of_the_wooden_cabinet_and_place_it_on_the_plate,7,Pick the akita black bowl in the top layer of the wooden cabinet and place it on the plate,akita_black_bowl,plate,"[""small round bowl"", ""black bowl"", ""bowl"", ""round black container"", ""dark bowl"", ""plate"", ""white plate"", ""wooden cabinet""]",0,0,0,b0c202d3c2e68531,13ec2afd3bf696b9,baseline_primary
spatial,shadow_k2,position,pick_up_the_black_bowl_in_the_top_drawer_of_the_wooden_cabinet_and_place_it_on_the_plate,8,Pick the akita black bowl in the top layer of the wooden cabinet and place it on the plate,akita_black_bowl,plate,"[""small round bowl"", ""black bowl"", ""bowl"", ""round black container"", ""dark bowl"", ""plate"", ""white plate"", ""wooden cabinet""]",0,0,0,13ec2afd3bf696b9,13ec2afd3bf696b9,baseline_primary
spatial,shadow_k2,position,pick_up_the_black_bowl_in_the_top_drawer_of_the_wooden_cabinet_and_place_it_on_the_plate,9,Pick the akita black bowl in the top layer of the wooden cabinet and place it on the plate,akita_black_bowl,plate,"[""small round bowl"", ""black bowl"", ""bowl"", ""round black container"", ""dark bowl"", ""plate"", ""white plate"", ""wooden cabinet""]",0,0,0,13ec2afd3bf696b9,13ec2afd3bf696b9,baseline_primary
spatial,shadow_k2,position,pick_up_the_black_bowl_on_the_ramekin_and_place_it_on_the_plate,1,Pick the akita black bowl on the ramekin and place it on the plate,akita_black_bowl,plate,"[""small round bowl"", ""black bowl"", ""bowl"", ""round black container"", ""dark bowl"", ""plate"", ""white plate"", ""ramekin""]",0,1,1,1073171aba444b0b,814f1de8877f42e8,shadow_winner0
spatial,shadow_k2,position,pick_up_the_black_bowl_on_the_ramekin_and_place_it_on_the_plate,3,Pick the akita black bowl on the ramekin and place it on the plate,akita_black_bowl,plate,"[""small round bowl"", ""black bowl"", ""bowl"", ""round black container"", ""dark bowl"", ""plate"", ""white plate"", ""ramekin""]",0,1,1,1073171aba444b0b,814f1de8877f42e8,shadow_winner0
spatial,shadow_k2,position,pick_up_the_black_bowl_on_the_ramekin_and_place_it_on_the_plate,5,Pick the akita black bowl on the ramekin and place it on the plate,akita_black_bowl,plate,"[""small round bowl"", ""black bowl"", ""bowl"", ""round black container"", ""dark bowl"", ""plate"", ""white plate"", ""ramekin""]",0,1,1,a9d87da5ffe33635,814f1de8877f42e8,shadow_winner0
spatial,shadow_k2,position,pick_up_the_black_bowl_on_the_ramekin_and_place_it_on_the_plate,8,Pick the akita black bowl on the ramekin and place it on the plate,akita_black_bowl,plate,"[""small round bowl"", ""black bowl"", ""bowl"", ""round black container"", ""dark bowl"", ""plate"", ""white plate"", ""ramekin""]",0,0,0,1073171aba444b0b,814f1de8877f42e8,shadow_winner0
spatial,shadow_k2,position,pick_up_the_black_bowl_next_to_the_cookie_box_and_place_it_on_the_plate,0,Pick the akita black bowl next to the cookies box and place it on the plate,akita_black_bowl,plate,"[""small round bowl"", ""black bowl"", ""bowl"", ""round black container"", ""dark bowl"", ""plate"", ""white plate"", ""cookie box""]",0,1,1,4103ac0aaee98329,4103ac0aaee98329,shadow_winner0
spatial,shadow_k2,position,pick_up_the_black_bowl_next_to_the_cookie_box_and_place_it_on_the_plate,1,Pick the akita black bowl next to the cookies box and place it on the plate,akita_black_bowl,plate,"[""small round bowl"", ""black bowl"", ""bowl"", ""round black container"", ""dark bowl"", ""plate"", ""white plate"", ""cookie box""]",0,0,0,78cce826c6fbca2d,4103ac0aaee98329,shadow_winner0
spatial,shadow_k2,position,pick_up_the_black_bowl_next_to_the_cookie_box_and_place_it_on_the_plate,2,Pick the akita black bowl next to the cookies box and place it on the plate,akita_black_bowl,plate,"[""small round bowl"", ""black bowl"", ""bowl"", ""round black container"", ""dark bowl"", ""plate"", ""white plate"", ""cookie box""]",0,0,0,4103ac0aaee98329,4103ac0aaee98329,shadow_winner0
spatial,shadow_k2,position,pick_up_the_black_bowl_next_to_the_cookie_box_and_place_it_on_the_plate,3,Pick the akita black bowl next to the cookies box and place it on the plate,akita_black_bowl,plate,"[""small round bowl"", ""black bowl"", ""bowl"", ""round black container"", ""dark bowl"", ""plate"", ""white plate"", ""cookie box""]",0,0,0,4103ac0aaee98329,4103ac0aaee98329,shadow_winner0
spatial,shadow_k2,position,pick_up_the_black_bowl_next_to_the_cookie_box_and_place_it_on_the_plate,4,Pick the akita black bowl next to the cookies box and place it on the plate,akita_black_bowl,plate,"[""small round bowl"", ""black bowl"", ""bowl"", ""round black container"", ""dark bowl"", ""plate"", ""white plate"", ""cookie box""]",0,0,0,f57d23b130053ae5,4103ac0aaee98329,shadow_winner0
spatial,shadow_k2,position,pick_up_the_black_bowl_next_to_the_cookie_box_and_place_it_on_the_plate,6,Pick the akita black bowl next to the cookies box and place it on the plate,akita_black_bowl,plate,"[""small round bowl"", ""black bowl"", ""bowl"", ""round black container"", ""dark bowl"", ""plate"", ""white plate"", ""cookie box""]",0,0,0,f57d23b130053ae5,4103ac0aaee98329,shadow_winner0
spatial,shadow_k2,position,pick_up_the_black_bowl_next_to_the_cookie_box_and_place_it_on_the_plate,7,Pick the akita black bowl next to the cookies box and place it on the plate,akita_black_bowl,plate,"[""small round bowl"", ""black bowl"", ""bowl"", ""round black container"", ""dark bowl"", ""plate"", ""white plate"", ""cookie box""]",0,0,0,d115718c003ce611,4103ac0aaee98329,shadow_winner0
spatial,shadow_k2,position,pick_up_the_black_bowl_next_to_the_cookie_box_and_place_it_on_the_plate,8,Pick the akita black bowl next to the cookies box and place it on the plate,akita_black_bowl,plate,"[""small round bowl"", ""black bowl"", ""bowl"", ""round black container"", ""dark bowl"", ""plate"", ""white plate"", ""cookie box""]",0,0,0,f57d23b130053ae5,4103ac0aaee98329,shadow_winner0
spatial,shadow_k2,position,pick_up_the_black_bowl_next_to_the_cookie_box_and_place_it_on_the_plate,9,Pick the akita black bowl next to the cookies box and place it on the plate,akita_black_bowl,plate,"[""small round bowl"", ""black bowl"", ""bowl"", ""round black container"", ""dark bowl"", ""plate"", ""white plate"", ""cookie box""]",0,0,0,e05371bf02e54bf0,4103ac0aaee98329,shadow_winner0
spatial,shadow_k2,position,pick_up_the_black_bowl_on_the_stove_and_place_it_on_the_plate,1,Pick the akita black bowl on the stove and place it on the plate,akita_black_bowl,plate,"[""small round bowl"", ""black bowl"", ""bowl"", ""round black container"", ""dark bowl"", ""plate"", ""white plate"", ""stove"", ""stove knob"", ""stove""]",0,0,0,47f6326680af13e9,7359bf3c4a076007,shadow_winner0
spatial,shadow_k2,position,pick_up_the_black_bowl_on_the_stove_and_place_it_on_the_plate,2,Pick the akita black bowl on the stove and place it on the plate,akita_black_bowl,plate,"[""small round bowl"", ""black bowl"", ""bowl"", ""round black container"", ""dark bowl"", ""plate"", ""white plate"", ""stove"", ""stove knob"", ""stove""]",0,0,0,1081788e35b75b86,7359bf3c4a076007,shadow_winner0
spatial,shadow_k2,position,pick_up_the_black_bowl_on_the_stove_and_place_it_on_the_plate,3,Pick the akita black bowl on the stove and place it on the plate,akita_black_bowl,plate,"[""small round bowl"", ""black bowl"", ""bowl"", ""round black container"", ""dark bowl"", ""plate"", ""white plate"", ""stove"", ""stove knob"", ""stove""]",0,0,0,785077c92b0045b3,7359bf3c4a076007,shadow_winner0
spatial,shadow_k2,position,pick_up_the_black_bowl_on_the_stove_and_place_it_on_the_plate,9,Pick the akita black bowl on the stove and place it on the plate,akita_black_bowl,plate,"[""small round bowl"", ""black bowl"", ""bowl"", ""round black container"", ""dark bowl"", ""plate"", ""white plate"", ""stove"", ""stove knob"", ""stove""]",0,1,1,0b88d57823a163aa,7359bf3c4a076007,shadow_winner0
spatial,shadow_k2,position,pick_up_the_black_bowl_next_to_the_plate_and_place_it_on_the_plate,0,Pick the akita black bowl next to the plate and place it on the plate,akita_black_bowl,plate,"[""small round bowl"", ""black bowl"", ""bowl"", ""round black container"", ""dark bowl"", ""plate"", ""white plate""]",0,1,1,0a0b8b5805876268,0a0b8b5805876268,shadow_winner0
spatial,shadow_k2,position,pick_up_the_black_bowl_next_to_the_plate_and_place_it_on_the_plate,2,Pick the akita black bowl next to the plate and place it on the plate,akita_black_bowl,plate,"[""small round bowl"", ""black bowl"", ""bowl"", ""round black container"", ""dark bowl"", ""plate"", ""white plate""]",0,0,0,322fe0d031d6a28e,0a0b8b5805876268,shadow_winner0
spatial,shadow_k2,position,pick_up_the_black_bowl_next_to_the_plate_and_place_it_on_the_plate,4,Pick the akita black bowl next to the plate and place it on the plate,akita_black_bowl,plate,"[""small round bowl"", ""black bowl"", ""bowl"", ""round black container"", ""dark bowl"", ""plate"", ""white plate""]",0,0,0,169a4d299400d2cd,0a0b8b5805876268,shadow_winner0
spatial,shadow_k2,position,pick_up_the_black_bowl_next_to_the_plate_and_place_it_on_the_plate,5,Pick the akita black bowl next to the plate and place it on the plate,akita_black_bowl,plate,"[""small round bowl"", ""black bowl"", ""bowl"", ""round black container"", ""dark bowl"", ""plate"", ""white plate""]",0,0,0,169a4d299400d2cd,0a0b8b5805876268,shadow_winner0
spatial,shadow_k2,position,pick_up_the_black_bowl_next_to_the_plate_and_place_it_on_the_plate,6,Pick the akita black bowl next to the plate and place it on the plate,akita_black_bowl,plate,"[""small round bowl"", ""black bowl"", ""bowl"", ""round black container"", ""dark bowl"", ""plate"", ""white plate""]",0,0,0,08adbb4c6e74e7b9,0a0b8b5805876268,shadow_winner0
spatial,shadow_k2,position,pick_up_the_black_bowl_next_to_the_plate_and_place_it_on_the_plate,8,Pick the akita black bowl next to the plate and place it on the plate,akita_black_bowl,plate,"[""small round bowl"", ""black bowl"", ""bowl"", ""round black container"", ""dark bowl"", ""plate"", ""white plate""]",0,0,0,942a72991c6e92bf,0a0b8b5805876268,shadow_winner0
spatial,shadow_k2,position,pick_up_the_black_bowl_on_the_wooden_cabinet_and_place_it_on_the_plate,0,Pick the akita black bowl on the wooden cabinet and place it on the plate,akita_black_bowl,plate,"[""small round bowl"", ""black bowl"", ""bowl"", ""round black container"", ""dark bowl"", ""plate"", ""white plate"", ""wooden cabinet""]",0,0,0,2706a33d86ea134b,2706a33d86ea134b,shadow_winner0
spatial,shadow_k2,position,pick_up_the_black_bowl_on_the_wooden_cabinet_and_place_it_on_the_plate,1,Pick the akita black bowl on the wooden cabinet and place it on the plate,akita_black_bowl,plate,"[""small round bowl"", ""black bowl"", ""bowl"", ""round black container"", ""dark bowl"", ""plate"", ""white plate"", ""wooden cabinet""]",0,0,0,5b1312113060ccad,2706a33d86ea134b,shadow_winner0
spatial,shadow_k2,position,pick_up_the_black_bowl_on_the_wooden_cabinet_and_place_it_on_the_plate,2,Pick the akita black bowl on the wooden cabinet and place it on the plate,akita_black_bowl,plate,"[""small round bowl"", ""black bowl"", ""bowl"", ""round black container"", ""dark bowl"", ""plate"", ""white plate"", ""wooden cabinet""]",0,0,0,2706a33d86ea134b,2706a33d86ea134b,shadow_winner0
spatial,shadow_k2,position,pick_up_the_black_bowl_on_the_wooden_cabinet_and_place_it_on_the_plate,3,Pick the akita black bowl on the wooden cabinet and place it on the plate,akita_black_bowl,plate,"[""small round bowl"", ""black bowl"", ""bowl"", ""round black container"", ""dark bowl"", ""plate"", ""white plate"", ""wooden cabinet""]",0,0,0,35c1a0ad48cdc640,2706a33d86ea134b,shadow_winner0
spatial,shadow_k2,position,pick_up_the_black_bowl_on_the_wooden_cabinet_and_place_it_on_the_plate,5,Pick the akita black bowl on the wooden cabinet and place it on the plate,akita_black_bowl,plate,"[""small round bowl"", ""black bowl"", ""bowl"", ""round black container"", ""dark bowl"", ""plate"", ""white plate"", ""wooden cabinet""]",0,0,0,5b1312113060ccad,2706a33d86ea134b,shadow_winner0
spatial,shadow_k2,position,pick_up_the_black_bowl_on_the_wooden_cabinet_and_place_it_on_the_plate,6,Pick the akita black bowl on the wooden cabinet and place it on the plate,akita_black_bowl,plate,"[""small round bowl"", ""black bowl"", ""bowl"", ""round black container"", ""dark bowl"", ""plate"", ""white plate"", ""wooden cabinet""]",0,0,0,35c1a0ad48cdc640,2706a33d86ea134b,shadow_winner0
spatial,shadow_k2,position,pick_up_the_black_bowl_on_the_wooden_cabinet_and_place_it_on_the_plate,7,Pick the akita black bowl on the wooden cabinet and place it on the plate,akita_black_bowl,plate,"[""small round bowl"", ""black bowl"", ""bowl"", ""round black container"", ""dark bowl"", ""plate"", ""white plate"", ""wooden cabinet""]",0,0,0,2706a33d86ea134b,2706a33d86ea134b,shadow_winner0
spatial,shadow_k2,position,pick_up_the_black_bowl_on_the_wooden_cabinet_and_place_it_on_the_plate,8,Pick the akita black bowl on the wooden cabinet and place it on the plate,akita_black_bowl,plate,"[""small round bowl"", ""black bowl"", ""bowl"", ""round black container"", ""dark bowl"", ""plate"", ""white plate"", ""wooden cabinet""]",0,1,1,2706a33d86ea134b,2706a33d86ea134b,shadow_winner0
spatial,shadow_k2,position,pick_up_the_black_bowl_on_the_wooden_cabinet_and_place_it_on_the_plate,9,Pick the akita black bowl on the wooden cabinet and place it on the plate,akita_black_bowl,plate,"[""small round bowl"", ""black bowl"", ""bowl"", ""round black container"", ""dark bowl"", ""plate"", ""white plate"", ""wooden cabinet""]",0,0,0,4550b4e0648337d9,2706a33d86ea134b,shadow_winner0
spatial,shadow_k2,task,pick_up_the_black_bowl_next_to_the_ramekin_and_place_it_on_the_plate,6,Pick the akita black bowl next to the cookie box and place it on the plate,akita_black_bowl,plate,"[""small round bowl"", ""black bowl"", ""bowl"", ""round black container"", ""dark bowl"", ""plate"", ""white plate"", ""cookie box""]",0,0,0,c7c6ccbbcd412233,c7c6ccbbcd412233,shadow_winner0
spatial,shadow_k2,task,pick_up_the_black_bowl_next_to_the_ramekin_and_place_it_on_the_plate,8,Pick the akita black bowl next to the cookie box and place it on the plate,akita_black_bowl,plate,"[""small round bowl"", ""black bowl"", ""bowl"", ""round black container"", ""dark bowl"", ""plate"", ""white plate"", ""cookie box""]",0,0,0,c7c6ccbbcd412233,c7c6ccbbcd412233,shadow_winner0
spatial,shadow_k2,task,pick_up_the_black_bowl_from_table_center_and_place_it_on_the_plate,3,Pick the akita black bowl next to the plate and place it on the plate,akita_black_bowl,plate,"[""small round bowl"", ""black bowl"", ""bowl"", ""round black container"", ""dark bowl"", ""plate"", ""white plate""]",0,0,0,169a4d299400d2cd,942a72991c6e92bf,shadow_winner0
spatial,shadow_k2,task,pick_up_the_black_bowl_from_table_center_and_place_it_on_the_plate,6,Pick the akita black bowl next to the plate and place it on the plate,akita_black_bowl,plate,"[""small round bowl"", ""black bowl"", ""bowl"", ""round black container"", ""dark bowl"", ""plate"", ""white plate""]",0,0,0,322fe0d031d6a28e,942a72991c6e92bf,shadow_winner0
spatial,shadow_k2,task,pick_up_the_black_bowl_from_table_center_and_place_it_on_the_plate,7,Pick the akita black bowl next to the plate and place it on the plate,akita_black_bowl,plate,"[""small round bowl"", ""black bowl"", ""bowl"", ""round black container"", ""dark bowl"", ""plate"", ""white plate""]",0,0,0,169a4d299400d2cd,942a72991c6e92bf,shadow_winner0
spatial,shadow_k2,task,pick_up_the_black_bowl_from_table_center_and_place_it_on_the_plate,8,Pick the akita black bowl next to the plate and place it on the plate,akita_black_bowl,plate,"[""small round bowl"", ""black bowl"", ""bowl"", ""round black container"", ""dark bowl"", ""plate"", ""white plate""]",0,1,1,0a0b8b5805876268,942a72991c6e92bf,shadow_winner0
spatial,shadow_k2,task,pick_up_the_black_bowl_on_the_ramekin_and_place_it_on_the_plate,9,Pick the akita black bowl on the cookie box and place it on the plate,akita_black_bowl,plate,"[""small round bowl"", ""black bowl"", ""bowl"", ""round black container"", ""dark bowl"", ""plate"", ""white plate"", ""cookie box""]",0,1,1,bbc714aa996a7aa6,00ef64150ea4245c,shadow_winner0
spatial,shadow_k2,task,pick_up_the_black_bowl_on_the_stove_and_place_it_on_the_plate,0,Pick the akita black bowl on the top of the cabinet and place it on the plate,akita_black_bowl,plate,"[""small round bowl"", ""black bowl"", ""bowl"", ""round black container"", ""dark bowl"", ""plate"", ""white plate""]",0,0,0,23f7ba5a720f3dbe,67df43f60a0d2a7a,shadow_winner0
spatial,shadow_k2,task,pick_up_the_black_bowl_on_the_stove_and_place_it_on_the_plate,1,Pick the akita black bowl on the top of the cabinet and place it on the plate,akita_black_bowl,plate,"[""small round bowl"", ""black bowl"", ""bowl"", ""round black container"", ""dark bowl"", ""plate"", ""white plate""]",0,0,0,ec1efae15d961a62,67df43f60a0d2a7a,shadow_winner0
spatial,shadow_k2,task,pick_up_the_black_bowl_on_the_stove_and_place_it_on_the_plate,2,Pick the akita black bowl on the top of the cabinet and place it on the plate,akita_black_bowl,plate,"[""small round bowl"", ""black bowl"", ""bowl"", ""round black container"", ""dark bowl"", ""plate"", ""white plate""]",0,1,1,67df43f60a0d2a7a,67df43f60a0d2a7a,shadow_winner0
spatial,shadow_k2,task,pick_up_the_black_bowl_on_the_stove_and_place_it_on_the_plate,4,Pick the akita black bowl on the top of the cabinet and place it on the plate,akita_black_bowl,plate,"[""small round bowl"", ""black bowl"", ""bowl"", ""round black container"", ""dark bowl"", ""plate"", ""white plate""]",0,0,0,23f7ba5a720f3dbe,67df43f60a0d2a7a,shadow_winner0
spatial,shadow_k2,task,pick_up_the_black_bowl_on_the_stove_and_place_it_on_the_plate,5,Pick the akita black bowl on the top of the cabinet and place it on the plate,akita_black_bowl,plate,"[""small round bowl"", ""black bowl"", ""bowl"", ""round black container"", ""dark bowl"", ""plate"", ""white plate""]",0,0,0,ec1efae15d961a62,67df43f60a0d2a7a,shadow_winner0
spatial,shadow_k2,task,pick_up_the_black_bowl_on_the_stove_and_place_it_on_the_plate,6,Pick the akita black bowl on the top of the cabinet and place it on the plate,akita_black_bowl,plate,"[""small round bowl"", ""black bowl"", ""bowl"", ""round black container"", ""dark bowl"", ""plate"", ""white plate""]",0,0,0,ebe1fd61726f2917,67df43f60a0d2a7a,shadow_winner0
spatial,shadow_k2,task,pick_up_the_black_bowl_on_the_stove_and_place_it_on_the_plate,7,Pick the akita black bowl on the top of the cabinet and place it on the plate,akita_black_bowl,plate,"[""small round bowl"", ""black bowl"", ""bowl"", ""round black container"", ""dark bowl"", ""plate"", ""white plate""]",0,0,0,ec1efae15d961a62,67df43f60a0d2a7a,shadow_winner0
spatial,shadow_k2,task,pick_up_the_black_bowl_on_the_stove_and_place_it_on_the_plate,9,Pick the akita black bowl on the top of the cabinet and place it on the plate,akita_black_bowl,plate,"[""small round bowl"", ""black bowl"", ""bowl"", ""round black container"", ""dark bowl"", ""plate"", ""white plate""]",0,0,0,ec1efae15d961a62,67df43f60a0d2a7a,shadow_winner0
spatial,shadow_k2,task,pick_up_the_black_bowl_next_to_the_plate_and_place_it_on_the_plate,6,Pick the akita black bowl next to the ramekin and place it on the plate,akita_black_bowl,plate,"[""small round bowl"", ""black bowl"", ""bowl"", ""round black container"", ""dark bowl"", ""plate"", ""white plate"", ""ramekin""]",0,1,1,40eafe78f63c31bf,35ed9d2bd96b3d4e,shadow_winner0
spatial,shadow_k2,task,pick_up_the_black_bowl_next_to_the_plate_and_place_it_on_the_plate,8,Pick the akita black bowl next to the ramekin and place it on the plate,akita_black_bowl,plate,"[""small round bowl"", ""black bowl"", ""bowl"", ""round black container"", ""dark bowl"", ""plate"", ""white plate"", ""ramekin""]",0,1,1,8e910749b26c0856,35ed9d2bd96b3d4e,shadow_winner0
spatial,shadow_k2,task,pick_up_the_black_bowl_on_the_wooden_cabinet_and_place_it_on_the_plate,1,Pick the akita black bowl on the stove and place it on the plate,akita_black_bowl,plate,"[""small round bowl"", ""black bowl"", ""bowl"", ""round black container"", ""dark bowl"", ""plate"", ""white plate"", ""stove"", ""stove knob"", ""stove""]",0,0,0,47f6326680af13e9,140c3e1bfd59a6c5,shadow_winner0
spatial,shadow_k2,task,pick_up_the_black_bowl_on_the_wooden_cabinet_and_place_it_on_the_plate,4,Pick the akita black bowl on the stove and place it on the plate,akita_black_bowl,plate,"[""small round bowl"", ""black bowl"", ""bowl"", ""round black container"", ""dark bowl"", ""plate"", ""white plate"", ""stove"", ""stove knob"", ""stove""]",0,0,0,00e72e53117bd101,140c3e1bfd59a6c5,shadow_winner0
spatial,shadow_k2,task,pick_up_the_black_bowl_on_the_wooden_cabinet_and_place_it_on_the_plate,5,Pick the akita black bowl on the stove and place it on the plate,akita_black_bowl,plate,"[""small round bowl"", ""black bowl"", ""bowl"", ""round black container"", ""dark bowl"", ""plate"", ""white plate"", ""stove"", ""stove knob"", ""stove""]",0,0,0,5192efd8d7083c22,140c3e1bfd59a6c5,shadow_winner0
spatial,shadow_k2,task,pick_up_the_black_bowl_on_the_wooden_cabinet_and_place_it_on_the_plate,6,Pick the akita black bowl on the stove and place it on the plate,akita_black_bowl,plate,"[""small round bowl"", ""black bowl"", ""bowl"", ""round black container"", ""dark bowl"", ""plate"", ""white plate"", ""stove"", ""stove knob"", ""stove""]",0,0,0,00e72e53117bd101,140c3e1bfd59a6c5,shadow_winner0
spatial,shadow_k2,task,pick_up_the_black_bowl_on_the_wooden_cabinet_and_place_it_on_the_plate,7,Pick the akita black bowl on the stove and place it on the plate,akita_black_bowl,plate,"[""small round bowl"", ""black bowl"", ""bowl"", ""round black container"", ""dark bowl"", ""plate"", ""white plate"", ""stove"", ""stove knob"", ""stove""]",0,1,1,e35555a45fab4106,140c3e1bfd59a6c5,shadow_winner0
spatial,shadow_k2,task,pick_up_the_black_bowl_on_the_wooden_cabinet_and_place_it_on_the_plate,8,Pick the akita black bowl on the stove and place it on the plate,akita_black_bowl,plate,"[""small round bowl"", ""black bowl"", ""bowl"", ""round black container"", ""dark bowl"", ""plate"", ""white plate"", ""stove"", ""stove knob"", ""stove""]",0,0,0,47f6326680af13e9,140c3e1bfd59a6c5,shadow_winner0
spatial,shadow_k2,task,pick_up_the_black_bowl_on_the_wooden_cabinet_and_place_it_on_the_plate,9,Pick the akita black bowl on the stove and place it on the plate,akita_black_bowl,plate,"[""small round bowl"", ""black bowl"", ""bowl"", ""round black container"", ""dark bowl"", ""plate"", ""white plate"", ""stove"", ""stove knob"", ""stove""]",0,0,0,47f6326680af13e9,140c3e1bfd59a6c5,shadow_winner0
object,shadow_k2,position,pick_up_the_alphabet_soup_and_place_it_in_the_basket,0,Pick the alphabet soup and place it in the basket,alphabet_soup,basket,"[""can with alphabet letters"", ""Campbell soup can"", ""basket"", ""wire basket""]",0,0,0,ee0f6e82cefa7de0,2603c5e202d86853,baseline_primary
object,shadow_k2,position,pick_up_the_alphabet_soup_and_place_it_in_the_basket,1,Pick the alphabet soup and place it in the basket,alphabet_soup,basket,"[""can with alphabet letters"", ""Campbell soup can"", ""basket"", ""wire basket""]",0,0,0,2603c5e202d86853,2603c5e202d86853,baseline_primary
object,shadow_k2,position,pick_up_the_alphabet_soup_and_place_it_in_the_basket,2,Pick the alphabet soup and place it in the basket,alphabet_soup,basket,"[""can with alphabet letters"", ""Campbell soup can"", ""basket"", ""wire basket""]",0,0,0,2603c5e202d86853,2603c5e202d86853,baseline_primary
object,shadow_k2,position,pick_up_the_alphabet_soup_and_place_it_in_the_basket,3,Pick the alphabet soup and place it in the basket,alphabet_soup,basket,"[""can with alphabet letters"", ""Campbell soup can"", ""basket"", ""wire basket""]",0,0,0,7ef1f1a4f9a2e25e,2603c5e202d86853,baseline_primary
object,shadow_k2,position,pick_up_the_alphabet_soup_and_place_it_in_the_basket,4,Pick the alphabet soup and place it in the basket,alphabet_soup,basket,"[""can with alphabet letters"", ""Campbell soup can"", ""basket"", ""wire basket""]",0,0,0,2603c5e202d86853,2603c5e202d86853,baseline_primary
object,shadow_k2,position,pick_up_the_alphabet_soup_and_place_it_in_the_basket,5,Pick the alphabet soup and place it in the basket,alphabet_soup,basket,"[""can with alphabet letters"", ""Campbell soup can"", ""basket"", ""wire basket""]",0,0,0,2603c5e202d86853,2603c5e202d86853,baseline_primary
object,shadow_k2,position,pick_up_the_alphabet_soup_and_place_it_in_the_basket,6,Pick the alphabet soup and place it in the basket,alphabet_soup,basket,"[""can with alphabet letters"", ""Campbell soup can"", ""basket"", ""wire basket""]",0,0,0,2603c5e202d86853,2603c5e202d86853,baseline_primary
object,shadow_k2,position,pick_up_the_alphabet_soup_and_place_it_in_the_basket,7,Pick the alphabet soup and place it in the basket,alphabet_soup,basket,"[""can with alphabet letters"", ""Campbell soup can"", ""basket"", ""wire basket""]",0,0,0,7ef1f1a4f9a2e25e,2603c5e202d86853,baseline_primary
object,shadow_k2,position,pick_up_the_alphabet_soup_and_place_it_in_the_basket,8,Pick the alphabet soup and place it in the basket,alphabet_soup,basket,"[""can with alphabet letters"", ""Campbell soup can"", ""basket"", ""wire basket""]",0,0,0,2603c5e202d86853,2603c5e202d86853,baseline_primary
object,shadow_k2,position,pick_up_the_alphabet_soup_and_place_it_in_the_basket,9,Pick the alphabet soup and place it in the basket,alphabet_soup,basket,"[""can with alphabet letters"", ""Campbell soup can"", ""basket"", ""wire basket""]",0,0,0,37e3c66362d72ce2,2603c5e202d86853,baseline_primary
object,shadow_k2,position,pick_up_the_salad_dressing_and_place_it_in_the_basket,0,Pick the salad dressing and place it in the basket,salad_dressing,basket,"[""salad dressing bottle"", ""bottle with green label"", ""basket"", ""wire basket""]",0,0,0,95430b57540921c9,83c074fce49ae0ca,baseline_primary
object,shadow_k2,position,pick_up_the_salad_dressing_and_place_it_in_the_basket,1,Pick the salad dressing and place it in the basket,salad_dressing,basket,"[""salad dressing bottle"", ""bottle with green label"", ""basket"", ""wire basket""]",0,0,0,d451ae9410b73bca,83c074fce49ae0ca,baseline_primary
object,shadow_k2,position,pick_up_the_salad_dressing_and_place_it_in_the_basket,2,Pick the salad dressing and place it in the basket,salad_dressing,basket,"[""salad dressing bottle"", ""bottle with green label"", ""basket"", ""wire basket""]",0,0,0,83c074fce49ae0ca,83c074fce49ae0ca,baseline_primary
object,shadow_k2,position,pick_up_the_salad_dressing_and_place_it_in_the_basket,3,Pick the salad dressing and place it in the basket,salad_dressing,basket,"[""salad dressing bottle"", ""bottle with green label"", ""basket"", ""wire basket""]",0,0,0,83c074fce49ae0ca,83c074fce49ae0ca,baseline_primary
object,shadow_k2,position,pick_up_the_salad_dressing_and_place_it_in_the_basket,4,Pick the salad dressing and place it in the basket,salad_dressing,basket,"[""salad dressing bottle"", ""bottle with green label"", ""basket"", ""wire basket""]",0,0,0,b3c26979074da321,83c074fce49ae0ca,baseline_primary
object,shadow_k2,position,pick_up_the_salad_dressing_and_place_it_in_the_basket,5,Pick the salad dressing and place it in the basket,salad_dressing,basket,"[""salad dressing bottle"", ""bottle with green label"", ""basket"", ""wire basket""]",0,0,0,83c074fce49ae0ca,83c074fce49ae0ca,baseline_primary
object,shadow_k2,position,pick_up_the_salad_dressing_and_place_it_in_the_basket,6,Pick the salad dressing and place it in the basket,salad_dressing,basket,"[""salad dressing bottle"", ""bottle with green label"", ""basket"", ""wire basket""]",0,0,0,83c074fce49ae0ca,83c074fce49ae0ca,baseline_primary
object,shadow_k2,position,pick_up_the_salad_dressing_and_place_it_in_the_basket,7,Pick the salad dressing and place it in the basket,salad_dressing,basket,"[""salad dressing bottle"", ""bottle with green label"", ""basket"", ""wire basket""]",0,0,0,83c074fce49ae0ca,83c074fce49ae0ca,baseline_primary
object,shadow_k2,position,pick_up_the_salad_dressing_and_place_it_in_the_basket,8,Pick the salad dressing and place it in the basket,salad_dressing,basket,"[""salad dressing bottle"", ""bottle with green label"", ""basket"", ""wire basket""]",0,0,0,2763f0a3d79f4c3f,83c074fce49ae0ca,baseline_primary
object,shadow_k2,position,pick_up_the_salad_dressing_and_place_it_in_the_basket,9,Pick the salad dressing and place it in the basket,salad_dressing,basket,"[""salad dressing bottle"", ""bottle with green label"", ""basket"", ""wire basket""]",0,0,0,83c074fce49ae0ca,83c074fce49ae0ca,baseline_primary
object,shadow_k2,position,pick_up_the_ketchup_and_place_it_in_the_basket,0,Pick the ketchup and place it in the basket,ketchup,basket,"[""red ketchup bottle"", ""squeeze bottle with red cap"", ""basket"", ""wire basket""]",0,1,1,af41abf1eb4eac39,683af5b25534bb44,baseline_primary
object,shadow_k2,position,pick_up_the_ketchup_and_place_it_in_the_basket,1,Pick the ketchup and place it in the basket,ketchup,basket,"[""red ketchup bottle"", ""squeeze bottle with red cap"", ""basket"", ""wire basket""]",0,0,0,683af5b25534bb44,683af5b25534bb44,baseline_primary
object,shadow_k2,position,pick_up_the_ketchup_and_place_it_in_the_basket,2,Pick the ketchup and place it in the basket,ketchup,basket,"[""red ketchup bottle"", ""squeeze bottle with red cap"", ""basket"", ""wire basket""]",0,0,0,683af5b25534bb44,683af5b25534bb44,baseline_primary
object,shadow_k2,position,pick_up_the_ketchup_and_place_it_in_the_basket,3,Pick the ketchup and place it in the basket,ketchup,basket,"[""red ketchup bottle"", ""squeeze bottle with red cap"", ""basket"", ""wire basket""]",0,0,0,c89efc0e006a6412,683af5b25534bb44,baseline_primary
object,shadow_k2,position,pick_up_the_ketchup_and_place_it_in_the_basket,4,Pick the ketchup and place it in the basket,ketchup,basket,"[""red ketchup bottle"", ""squeeze bottle with red cap"", ""basket"", ""wire basket""]",0,0,0,683af5b25534bb44,683af5b25534bb44,baseline_primary
object,shadow_k2,position,pick_up_the_ketchup_and_place_it_in_the_basket,5,Pick the ketchup and place it in the basket,ketchup,basket,"[""red ketchup bottle"", ""squeeze bottle with red cap"", ""basket"", ""wire basket""]",0,0,0,a7c76aef96142015,683af5b25534bb44,baseline_primary
object,shadow_k2,position,pick_up_the_ketchup_and_place_it_in_the_basket,6,Pick the ketchup and place it in the basket,ketchup,basket,"[""red ketchup bottle"", ""squeeze bottle with red cap"", ""basket"", ""wire basket""]",0,0,0,02dd3ba1f68e63bd,683af5b25534bb44,baseline_primary
object,shadow_k2,position,pick_up_the_ketchup_and_place_it_in_the_basket,7,Pick the ketchup and place it in the basket,ketchup,basket,"[""red ketchup bottle"", ""squeeze bottle with red cap"", ""basket"", ""wire basket""]",0,0,0,a7c76aef96142015,683af5b25534bb44,baseline_primary
object,shadow_k2,position,pick_up_the_ketchup_and_place_it_in_the_basket,8,Pick the ketchup and place it in the basket,ketchup,basket,"[""red ketchup bottle"", ""squeeze bottle with red cap"", ""basket"", ""wire basket""]",0,0,0,683af5b25534bb44,683af5b25534bb44,baseline_primary
object,shadow_k2,position,pick_up_the_ketchup_and_place_it_in_the_basket,9,Pick the ketchup and place it in the basket,ketchup,basket,"[""red ketchup bottle"", ""squeeze bottle with red cap"", ""basket"", ""wire basket""]",0,0,0,683af5b25534bb44,683af5b25534bb44,baseline_primary
object,shadow_k2,position,pick_up_the_tomato_sauce_and_place_it_in_the_basket,2,Pick the tomato sauce and place it in the basket,tomato_sauce,basket,"[""small tomato sauce can"", ""short red cylinder"", ""basket"", ""wire basket""]",0,1,1,59e8b26398a8d426,59e8b26398a8d426,shadow_winner0
object,shadow_k2,position,pick_up_the_tomato_sauce_and_place_it_in_the_basket,3,Pick the tomato sauce and place it in the basket,tomato_sauce,basket,"[""small tomato sauce can"", ""short red cylinder"", ""basket"", ""wire basket""]",0,1,1,59e8b26398a8d426,59e8b26398a8d426,shadow_winner0
object,shadow_k2,position,pick_up_the_tomato_sauce_and_place_it_in_the_basket,8,Pick the tomato sauce and place it in the basket,tomato_sauce,basket,"[""small tomato sauce can"", ""short red cylinder"", ""basket"", ""wire basket""]",0,0,0,59e8b26398a8d426,59e8b26398a8d426,shadow_winner0
object,shadow_k2,position,pick_up_the_tomato_sauce_and_place_it_in_the_basket,9,Pick the tomato sauce and place it in the basket,tomato_sauce,basket,"[""small tomato sauce can"", ""short red cylinder"", ""basket"", ""wire basket""]",0,1,1,59e8b26398a8d426,59e8b26398a8d426,shadow_winner0
object,shadow_k2,position,pick_up_the_butter_and_place_it_in_the_basket,0,Pick the butter and place it in the basket,butter,basket,"[""yellow butter box"", ""butter package"", ""basket"", ""wire basket""]",0,1,1,4c920cb6467dc473,b21b7cbec3ee777e,baseline_primary
object,shadow_k2,position,pick_up_the_butter_and_place_it_in_the_basket,1,Pick the butter and place it in the basket,butter,basket,"[""yellow butter box"", ""butter package"", ""basket"", ""wire basket""]",0,1,1,721d33e0811fed86,b21b7cbec3ee777e,baseline_primary
object,shadow_k2,position,pick_up_the_butter_and_place_it_in_the_basket,2,Pick the butter and place it in the basket,butter,basket,"[""yellow butter box"", ""butter package"", ""basket"", ""wire basket""]",0,1,1,4c920cb6467dc473,b21b7cbec3ee777e,baseline_primary
object,shadow_k2,position,pick_up_the_butter_and_place_it_in_the_basket,3,Pick the butter and place it in the basket,butter,basket,"[""yellow butter box"", ""butter package"", ""basket"", ""wire basket""]",0,1,1,4c920cb6467dc473,b21b7cbec3ee777e,baseline_primary
object,shadow_k2,position,pick_up_the_butter_and_place_it_in_the_basket,4,Pick the butter and place it in the basket,butter,basket,"[""yellow butter box"", ""butter package"", ""basket"", ""wire basket""]",0,1,1,8b3d2154d307570c,b21b7cbec3ee777e,baseline_primary
object,shadow_k2,position,pick_up_the_butter_and_place_it_in_the_basket,5,Pick the butter and place it in the basket,butter,basket,"[""yellow butter box"", ""butter package"", ""basket"", ""wire basket""]",0,1,1,8e518fb13ae4da1f,b21b7cbec3ee777e,baseline_primary
object,shadow_k2,position,pick_up_the_butter_and_place_it_in_the_basket,6,Pick the butter and place it in the basket,butter,basket,"[""yellow butter box"", ""butter package"", ""basket"", ""wire basket""]",0,1,1,8f1dbce223f7f3ec,b21b7cbec3ee777e,baseline_primary
object,shadow_k2,position,pick_up_the_butter_and_place_it_in_the_basket,7,Pick the butter and place it in the basket,butter,basket,"[""yellow butter box"", ""butter package"", ""basket"", ""wire basket""]",0,1,1,4c920cb6467dc473,b21b7cbec3ee777e,baseline_primary
object,shadow_k2,position,pick_up_the_butter_and_place_it_in_the_basket,8,Pick the butter and place it in the basket,butter,basket,"[""yellow butter box"", ""butter package"", ""basket"", ""wire basket""]",0,1,1,8e518fb13ae4da1f,b21b7cbec3ee777e,baseline_primary
object,shadow_k2,position,pick_up_the_butter_and_place_it_in_the_basket,9,Pick the butter and place it in the basket,butter,basket,"[""yellow butter box"", ""butter package"", ""basket"", ""wire basket""]",0,1,1,8e518fb13ae4da1f,b21b7cbec3ee777e,baseline_primary
object,shadow_k2,position,pick_up_the_milk_and_place_it_in_the_basket,2,Pick the milk and place it in the basket,milk,basket,"[""milk carton"", ""tall white carton"", ""basket"", ""wire basket""]",0,0,0,43aa825a8cacf194,39e7231913228116,shadow_winner0
object,shadow_k2,position,pick_up_the_milk_and_place_it_in_the_basket,4,Pick the milk and place it in the basket,milk,basket,"[""milk carton"", ""tall white carton"", ""basket"", ""wire basket""]",0,0,0,e1b9631bcb2a767e,39e7231913228116,shadow_winner0
object,shadow_k2,position,pick_up_the_milk_and_place_it_in_the_basket,6,Pick the milk and place it in the basket,milk,basket,"[""milk carton"", ""tall white carton"", ""basket"", ""wire basket""]",0,1,1,f1d0d277104d8f9c,39e7231913228116,shadow_winner0
object,shadow_k2,position,pick_up_the_milk_and_place_it_in_the_basket,7,Pick the milk and place it in the basket,milk,basket,"[""milk carton"", ""tall white carton"", ""basket"", ""wire basket""]",0,1,1,39e7231913228116,39e7231913228116,shadow_winner0
object,shadow_k2,position,pick_up_the_chocolate_pudding_and_place_it_in_the_basket,0,Pick the chocolate pudding and place it in the basket,chocolate_pudding,basket,"[""chocolate pudding cup"", ""brown pudding container"", ""basket"", ""wire basket""]",0,0,0,59606c2ea45d200e,1cc19c9a4ce55852,baseline_primary
object,shadow_k2,position,pick_up_the_chocolate_pudding_and_place_it_in_the_basket,1,Pick the chocolate pudding and place it in the basket,chocolate_pudding,basket,"[""chocolate pudding cup"", ""brown pudding container"", ""basket"", ""wire basket""]",0,0,0,cf638a5bcd3b661c,1cc19c9a4ce55852,baseline_primary
object,shadow_k2,position,pick_up_the_chocolate_pudding_and_place_it_in_the_basket,2,Pick the chocolate pudding and place it in the basket,chocolate_pudding,basket,"[""chocolate pudding cup"", ""brown pudding container"", ""basket"", ""wire basket""]",0,0,0,cf638a5bcd3b661c,1cc19c9a4ce55852,baseline_primary
object,shadow_k2,position,pick_up_the_chocolate_pudding_and_place_it_in_the_basket,3,Pick the chocolate pudding and place it in the basket,chocolate_pudding,basket,"[""chocolate pudding cup"", ""brown pudding container"", ""basket"", ""wire basket""]",0,0,0,fa35634a8adbbb26,1cc19c9a4ce55852,baseline_primary
object,shadow_k2,position,pick_up_the_chocolate_pudding_and_place_it_in_the_basket,4,Pick the chocolate pudding and place it in the basket,chocolate_pudding,basket,"[""chocolate pudding cup"", ""brown pudding container"", ""basket"", ""wire basket""]",0,0,0,cf638a5bcd3b661c,1cc19c9a4ce55852,baseline_primary
object,shadow_k2,position,pick_up_the_chocolate_pudding_and_place_it_in_the_basket,5,Pick the chocolate pudding and place it in the basket,chocolate_pudding,basket,"[""chocolate pudding cup"", ""brown pudding container"", ""basket"", ""wire basket""]",0,0,0,59606c2ea45d200e,1cc19c9a4ce55852,baseline_primary
object,shadow_k2,position,pick_up_the_chocolate_pudding_and_place_it_in_the_basket,6,Pick the chocolate pudding and place it in the basket,chocolate_pudding,basket,"[""chocolate pudding cup"", ""brown pudding container"", ""basket"", ""wire basket""]",0,0,0,fa35634a8adbbb26,1cc19c9a4ce55852,baseline_primary
object,shadow_k2,position,pick_up_the_chocolate_pudding_and_place_it_in_the_basket,7,Pick the chocolate pudding and place it in the basket,chocolate_pudding,basket,"[""chocolate pudding cup"", ""brown pudding container"", ""basket"", ""wire basket""]",0,0,0,fa35634a8adbbb26,1cc19c9a4ce55852,baseline_primary
object,shadow_k2,position,pick_up_the_chocolate_pudding_and_place_it_in_the_basket,8,Pick the chocolate pudding and place it in the basket,chocolate_pudding,basket,"[""chocolate pudding cup"", ""brown pudding container"", ""basket"", ""wire basket""]",0,0,0,cf638a5bcd3b661c,1cc19c9a4ce55852,baseline_primary
object,shadow_k2,position,pick_up_the_chocolate_pudding_and_place_it_in_the_basket,9,Pick the chocolate pudding and place it in the basket,chocolate_pudding,basket,"[""chocolate pudding cup"", ""brown pudding container"", ""basket"", ""wire basket""]",0,0,0,cf638a5bcd3b661c,1cc19c9a4ce55852,baseline_primary
object,shadow_k2,position,pick_up_the_orange_juice_and_place_it_in_the_basket,0,Pick the orange juice and place it in the basket,orange_juice,basket,"[""orange juice carton"", ""carton with orange label"", ""basket"", ""wire basket""]",0,1,1,e891bea76673429a,e891bea76673429a,shadow_winner0
object,shadow_k2,position,pick_up_the_orange_juice_and_place_it_in_the_basket,3,Pick the orange juice and place it in the basket,orange_juice,basket,"[""orange juice carton"", ""carton with orange label"", ""basket"", ""wire basket""]",0,1,1,0df4fe9bab9f162c,e891bea76673429a,shadow_winner0
object,shadow_k2,position,pick_up_the_orange_juice_and_place_it_in_the_basket,7,Pick the orange juice and place it in the basket,orange_juice,basket,"[""orange juice carton"", ""carton with orange label"", ""basket"", ""wire basket""]",0,1,1,42c1c9f1381af89f,e891bea76673429a,shadow_winner0
object,shadow_k2,position,pick_up_the_orange_juice_and_place_it_in_the_basket,8,Pick the orange juice and place it in the basket,orange_juice,basket,"[""orange juice carton"", ""carton with orange label"", ""basket"", ""wire basket""]",0,1,1,e891bea76673429a,e891bea76673429a,shadow_winner0
object,shadow_k2,task,pick_up_the_cream_cheese_and_place_it_in_the_basket,0,Pick the alphabet soup and place it in the basket,alphabet_soup,basket,"[""can with alphabet letters"", ""Campbell soup can"", ""basket"", ""wire basket""]",0,1,1,35ebbae77f8df40b,35ebbae77f8df40b,baseline_primary
object,shadow_k2,task,pick_up_the_cream_cheese_and_place_it_in_the_basket,1,Pick the alphabet soup and place it in the basket,alphabet_soup,basket,"[""can with alphabet letters"", ""Campbell soup can"", ""basket"", ""wire basket""]",0,1,1,74cfcf149427767f,35ebbae77f8df40b,baseline_primary
object,shadow_k2,task,pick_up_the_cream_cheese_and_place_it_in_the_basket,2,Pick the alphabet soup and place it in the basket,alphabet_soup,basket,"[""can with alphabet letters"", ""Campbell soup can"", ""basket"", ""wire basket""]",0,1,1,30edef74d1eb2f51,35ebbae77f8df40b,baseline_primary
object,shadow_k2,task,pick_up_the_cream_cheese_and_place_it_in_the_basket,3,Pick the alphabet soup and place it in the basket,alphabet_soup,basket,"[""can with alphabet letters"", ""Campbell soup can"", ""basket"", ""wire basket""]",0,1,1,74cfcf149427767f,35ebbae77f8df40b,baseline_primary
object,shadow_k2,task,pick_up_the_cream_cheese_and_place_it_in_the_basket,4,Pick the alphabet soup and place it in the basket,alphabet_soup,basket,"[""can with alphabet letters"", ""Campbell soup can"", ""basket"", ""wire basket""]",0,0,0,35ebbae77f8df40b,35ebbae77f8df40b,baseline_primary
object,shadow_k2,task,pick_up_the_cream_cheese_and_place_it_in_the_basket,5,Pick the alphabet soup and place it in the basket,alphabet_soup,basket,"[""can with alphabet letters"", ""Campbell soup can"", ""basket"", ""wire basket""]",0,1,1,0c9ad5e5bebd6f7c,35ebbae77f8df40b,baseline_primary
object,shadow_k2,task,pick_up_the_cream_cheese_and_place_it_in_the_basket,6,Pick the alphabet soup and place it in the basket,alphabet_soup,basket,"[""can with alphabet letters"", ""Campbell soup can"", ""basket"", ""wire basket""]",0,1,1,74cfcf149427767f,35ebbae77f8df40b,baseline_primary
object,shadow_k2,task,pick_up_the_cream_cheese_and_place_it_in_the_basket,7,Pick the alphabet soup and place it in the basket,alphabet_soup,basket,"[""can with alphabet letters"", ""Campbell soup can"", ""basket"", ""wire basket""]",0,1,1,35ebbae77f8df40b,35ebbae77f8df40b,baseline_primary
object,shadow_k2,task,pick_up_the_cream_cheese_and_place_it_in_the_basket,8,Pick the alphabet soup and place it in the basket,alphabet_soup,basket,"[""can with alphabet letters"", ""Campbell soup can"", ""basket"", ""wire basket""]",0,1,1,74cfcf149427767f,35ebbae77f8df40b,baseline_primary
object,shadow_k2,task,pick_up_the_cream_cheese_and_place_it_in_the_basket,9,Pick the alphabet soup and place it in the basket,alphabet_soup,basket,"[""can with alphabet letters"", ""Campbell soup can"", ""basket"", ""wire basket""]",0,1,1,35ebbae77f8df40b,35ebbae77f8df40b,baseline_primary
object,shadow_k2,task,pick_up_the_salad_dressing_and_place_it_in_the_basket,0,Pick the tomato sauce and place it in the basket,tomato_sauce,basket,"[""small tomato sauce can"", ""short red cylinder"", ""basket"", ""wire basket""]",0,1,1,59e8b26398a8d426,59e8b26398a8d426,baseline_primary
object,shadow_k2,task,pick_up_the_salad_dressing_and_place_it_in_the_basket,1,Pick the tomato sauce and place it in the basket,tomato_sauce,basket,"[""small tomato sauce can"", ""short red cylinder"", ""basket"", ""wire basket""]",0,1,1,59e8b26398a8d426,59e8b26398a8d426,baseline_primary
object,shadow_k2,task,pick_up_the_salad_dressing_and_place_it_in_the_basket,2,Pick the tomato sauce and place it in the basket,tomato_sauce,basket,"[""small tomato sauce can"", ""short red cylinder"", ""basket"", ""wire basket""]",0,1,1,59e8b26398a8d426,59e8b26398a8d426,baseline_primary
object,shadow_k2,task,pick_up_the_salad_dressing_and_place_it_in_the_basket,3,Pick the tomato sauce and place it in the basket,tomato_sauce,basket,"[""small tomato sauce can"", ""short red cylinder"", ""basket"", ""wire basket""]",0,1,1,59e8b26398a8d426,59e8b26398a8d426,baseline_primary
object,shadow_k2,task,pick_up_the_salad_dressing_and_place_it_in_the_basket,4,Pick the tomato sauce and place it in the basket,tomato_sauce,basket,"[""small tomato sauce can"", ""short red cylinder"", ""basket"", ""wire basket""]",0,0,0,24a31a7e8322d83a,59e8b26398a8d426,baseline_primary
object,shadow_k2,task,pick_up_the_salad_dressing_and_place_it_in_the_basket,5,Pick the tomato sauce and place it in the basket,tomato_sauce,basket,"[""small tomato sauce can"", ""short red cylinder"", ""basket"", ""wire basket""]",0,1,1,59e8b26398a8d426,59e8b26398a8d426,baseline_primary
object,shadow_k2,task,pick_up_the_salad_dressing_and_place_it_in_the_basket,6,Pick the tomato sauce and place it in the basket,tomato_sauce,basket,"[""small tomato sauce can"", ""short red cylinder"", ""basket"", ""wire basket""]",0,1,1,59e8b26398a8d426,59e8b26398a8d426,baseline_primary
object,shadow_k2,task,pick_up_the_salad_dressing_and_place_it_in_the_basket,7,Pick the tomato sauce and place it in the basket,tomato_sauce,basket,"[""small tomato sauce can"", ""short red cylinder"", ""basket"", ""wire basket""]",0,1,1,59e8b26398a8d426,59e8b26398a8d426,baseline_primary
object,shadow_k2,task,pick_up_the_salad_dressing_and_place_it_in_the_basket,8,Pick the tomato sauce and place it in the basket,tomato_sauce,basket,"[""small tomato sauce can"", ""short red cylinder"", ""basket"", ""wire basket""]",0,1,1,59e8b26398a8d426,59e8b26398a8d426,baseline_primary
object,shadow_k2,task,pick_up_the_salad_dressing_and_place_it_in_the_basket,9,Pick the tomato sauce and place it in the basket,tomato_sauce,basket,"[""small tomato sauce can"", ""short red cylinder"", ""basket"", ""wire basket""]",0,0,0,f96646033db48c2f,59e8b26398a8d426,baseline_primary
object,shadow_k2,task,pick_up_the_ketchup_and_place_it_in_the_basket,0,Pick the milk and place it in the basket,milk,basket,"[""milk carton"", ""tall white carton"", ""basket"", ""wire basket""]",0,0,0,43aa825a8cacf194,43aa825a8cacf194,shadow_winner0
object,shadow_k2,task,pick_up_the_ketchup_and_place_it_in_the_basket,1,Pick the milk and place it in the basket,milk,basket,"[""milk carton"", ""tall white carton"", ""basket"", ""wire basket""]",0,0,0,43aa825a8cacf194,43aa825a8cacf194,shadow_winner0
object,shadow_k2,task,pick_up_the_ketchup_and_place_it_in_the_basket,2,Pick the milk and place it in the basket,milk,basket,"[""milk carton"", ""tall white carton"", ""basket"", ""wire basket""]",0,0,0,43aa825a8cacf194,43aa825a8cacf194,shadow_winner0
object,shadow_k2,task,pick_up_the_ketchup_and_place_it_in_the_basket,3,Pick the milk and place it in the basket,milk,basket,"[""milk carton"", ""tall white carton"", ""basket"", ""wire basket""]",0,0,0,43aa825a8cacf194,43aa825a8cacf194,shadow_winner0
object,shadow_k2,task,pick_up_the_ketchup_and_place_it_in_the_basket,6,Pick the milk and place it in the basket,milk,basket,"[""milk carton"", ""tall white carton"", ""basket"", ""wire basket""]",0,0,0,43aa825a8cacf194,43aa825a8cacf194,shadow_winner0
object,shadow_k2,task,pick_up_the_ketchup_and_place_it_in_the_basket,8,Pick the milk and place it in the basket,milk,basket,"[""milk carton"", ""tall white carton"", ""basket"", ""wire basket""]",0,1,1,43aa825a8cacf194,43aa825a8cacf194,shadow_winner0
object,shadow_k2,task,pick_up_the_ketchup_and_place_it_in_the_basket,9,Pick the milk and place it in the basket,milk,basket,"[""milk carton"", ""tall white carton"", ""basket"", ""wire basket""]",0,0,0,43aa825a8cacf194,43aa825a8cacf194,shadow_winner0
object,shadow_k2,task,pick_up_the_tomato_sauce_and_place_it_in_the_basket,1,Pick the bbq sauce and place it in the basket,bbq_sauce,basket,"[""dark brown sauce bottle"", ""bbq sauce bottle"", ""basket"", ""wire basket""]",0,0,0,5f28b97f784c1a27,5f28b97f784c1a27,shadow_winner0
object,shadow_k2,task,pick_up_the_tomato_sauce_and_place_it_in_the_basket,2,Pick the bbq sauce and place it in the basket,bbq_sauce,basket,"[""dark brown sauce bottle"", ""bbq sauce bottle"", ""basket"", ""wire basket""]",0,0,0,5f28b97f784c1a27,5f28b97f784c1a27,shadow_winner0
object,shadow_k2,task,pick_up_the_tomato_sauce_and_place_it_in_the_basket,4,Pick the bbq sauce and place it in the basket,bbq_sauce,basket,"[""dark brown sauce bottle"", ""bbq sauce bottle"", ""basket"", ""wire basket""]",0,1,1,5f28b97f784c1a27,5f28b97f784c1a27,shadow_winner0
object,shadow_k2,task,pick_up_the_tomato_sauce_and_place_it_in_the_basket,7,Pick the bbq sauce and place it in the basket,bbq_sauce,basket,"[""dark brown sauce bottle"", ""bbq sauce bottle"", ""basket"", ""wire basket""]",0,1,1,5f28b97f784c1a27,5f28b97f784c1a27,shadow_winner0
object,shadow_k2,task,pick_up_the_milk_and_place_it_in_the_basket,0,Pick the butter and place it in the basket,butter,basket,"[""yellow butter box"", ""butter package"", ""basket"", ""wire basket""]",0,1,1,7774ca11d49b8ecc,4c920cb6467dc473,baseline_primary
object,shadow_k2,task,pick_up_the_milk_and_place_it_in_the_basket,1,Pick the butter and place it in the basket,butter,basket,"[""yellow butter box"", ""butter package"", ""basket"", ""wire basket""]",0,1,1,4c920cb6467dc473,4c920cb6467dc473,baseline_primary
object,shadow_k2,task,pick_up_the_milk_and_place_it_in_the_basket,2,Pick the butter and place it in the basket,butter,basket,"[""yellow butter box"", ""butter package"", ""basket"", ""wire basket""]",0,0,0,911f1110faa18123,4c920cb6467dc473,baseline_primary
object,shadow_k2,task,pick_up_the_milk_and_place_it_in_the_basket,3,Pick the butter and place it in the basket,butter,basket,"[""yellow butter box"", ""butter package"", ""basket"", ""wire basket""]",0,1,1,c8efd9e0ff22f6e1,4c920cb6467dc473,baseline_primary
object,shadow_k2,task,pick_up_the_milk_and_place_it_in_the_basket,4,Pick the butter and place it in the basket,butter,basket,"[""yellow butter box"", ""butter package"", ""basket"", ""wire basket""]",0,0,0,a784b089644d8050,4c920cb6467dc473,baseline_primary
object,shadow_k2,task,pick_up_the_milk_and_place_it_in_the_basket,5,Pick the butter and place it in the basket,butter,basket,"[""yellow butter box"", ""butter package"", ""basket"", ""wire basket""]",0,1,1,8b3d2154d307570c,4c920cb6467dc473,baseline_primary
object,shadow_k2,task,pick_up_the_milk_and_place_it_in_the_basket,6,Pick the butter and place it in the basket,butter,basket,"[""yellow butter box"", ""butter package"", ""basket"", ""wire basket""]",0,0,0,8b3d2154d307570c,4c920cb6467dc473,baseline_primary
object,shadow_k2,task,pick_up_the_milk_and_place_it_in_the_basket,7,Pick the butter and place it in the basket,butter,basket,"[""yellow butter box"", ""butter package"", ""basket"", ""wire basket""]",0,0,0,0770c2350b0613f5,4c920cb6467dc473,baseline_primary
object,shadow_k2,task,pick_up_the_milk_and_place_it_in_the_basket,8,Pick the butter and place it in the basket,butter,basket,"[""yellow butter box"", ""butter package"", ""basket"", ""wire basket""]",0,1,1,911f1110faa18123,4c920cb6467dc473,baseline_primary
object,shadow_k2,task,pick_up_the_milk_and_place_it_in_the_basket,9,Pick the butter and place it in the basket,butter,basket,"[""yellow butter box"", ""butter package"", ""basket"", ""wire basket""]",0,0,0,3b035856637337bb,4c920cb6467dc473,baseline_primary
object,shadow_k2,task,pick_up_the_chocolate_pudding_and_place_it_in_the_basket,0,Pick the salad dressing and place it in the basket,salad_dressing,basket,"[""salad dressing bottle"", ""bottle with green label"", ""basket"", ""wire basket""]",0,0,0,83c074fce49ae0ca,83c074fce49ae0ca,baseline_primary
object,shadow_k2,task,pick_up_the_chocolate_pudding_and_place_it_in_the_basket,1,Pick the salad dressing and place it in the basket,salad_dressing,basket,"[""salad dressing bottle"", ""bottle with green label"", ""basket"", ""wire basket""]",0,0,0,b9537f54a45606f8,83c074fce49ae0ca,baseline_primary
object,shadow_k2,task,pick_up_the_chocolate_pudding_and_place_it_in_the_basket,2,Pick the salad dressing and place it in the basket,salad_dressing,basket,"[""salad dressing bottle"", ""bottle with green label"", ""basket"", ""wire basket""]",0,0,0,83c074fce49ae0ca,83c074fce49ae0ca,baseline_primary
object,shadow_k2,task,pick_up_the_chocolate_pudding_and_place_it_in_the_basket,3,Pick the salad dressing and place it in the basket,salad_dressing,basket,"[""salad dressing bottle"", ""bottle with green label"", ""basket"", ""wire basket""]",0,0,0,83c074fce49ae0ca,83c074fce49ae0ca,baseline_primary
object,shadow_k2,task,pick_up_the_chocolate_pudding_and_place_it_in_the_basket,4,Pick the salad dressing and place it in the basket,salad_dressing,basket,"[""salad dressing bottle"", ""bottle with green label"", ""basket"", ""wire basket""]",0,0,0,83c074fce49ae0ca,83c074fce49ae0ca,baseline_primary
object,shadow_k2,task,pick_up_the_chocolate_pudding_and_place_it_in_the_basket,5,Pick the salad dressing and place it in the basket,salad_dressing,basket,"[""salad dressing bottle"", ""bottle with green label"", ""basket"", ""wire basket""]",0,0,0,83c074fce49ae0ca,83c074fce49ae0ca,baseline_primary
object,shadow_k2,task,pick_up_the_chocolate_pudding_and_place_it_in_the_basket,6,Pick the salad dressing and place it in the basket,salad_dressing,basket,"[""salad dressing bottle"", ""bottle with green label"", ""basket"", ""wire basket""]",0,0,0,83c074fce49ae0ca,83c074fce49ae0ca,baseline_primary
object,shadow_k2,task,pick_up_the_chocolate_pudding_and_place_it_in_the_basket,7,Pick the salad dressing and place it in the basket,salad_dressing,basket,"[""salad dressing bottle"", ""bottle with green label"", ""basket"", ""wire basket""]",0,0,0,83c074fce49ae0ca,83c074fce49ae0ca,baseline_primary
object,shadow_k2,task,pick_up_the_chocolate_pudding_and_place_it_in_the_basket,8,Pick the salad dressing and place it in the basket,salad_dressing,basket,"[""salad dressing bottle"", ""bottle with green label"", ""basket"", ""wire basket""]",0,0,0,83c074fce49ae0ca,83c074fce49ae0ca,baseline_primary
object,shadow_k2,task,pick_up_the_chocolate_pudding_and_place_it_in_the_basket,9,Pick the salad dressing and place it in the basket,salad_dressing,basket,"[""salad dressing bottle"", ""bottle with green label"", ""basket"", ""wire basket""]",0,0,0,83c074fce49ae0ca,83c074fce49ae0ca,baseline_primary
object,shadow_k2,task,pick_up_the_orange_juice_and_place_it_in_the_basket,1,Pick the chocolate pudding and place it in the basket,chocolate_pudding,basket,"[""chocolate pudding cup"", ""brown pudding container"", ""basket"", ""wire basket""]",0,0,0,59606c2ea45d200e,59606c2ea45d200e,shadow_winner0
object,shadow_k2,task,pick_up_the_orange_juice_and_place_it_in_the_basket,5,Pick the chocolate pudding and place it in the basket,chocolate_pudding,basket,"[""chocolate pudding cup"", ""brown pudding container"", ""basket"", ""wire basket""]",0,0,0,a35e1afb1fba2599,59606c2ea45d200e,shadow_winner0
object,shadow_k2,task,pick_up_the_orange_juice_and_place_it_in_the_basket,6,Pick the chocolate pudding and place it in the basket,chocolate_pudding,basket,"[""chocolate pudding cup"", ""brown pudding container"", ""basket"", ""wire basket""]",0,0,0,59606c2ea45d200e,59606c2ea45d200e,shadow_winner0
goal,shadow_k2,position,open_the_middle_drawer_of_the_cabinet,0,Open the middle layer of the drawer,none,none,"[""drawer handle"", ""drawer""]",0,0,0,bdc62093eb426d57,bdc62093eb426d57,baseline_primary
goal,shadow_k2,position,open_the_middle_drawer_of_the_cabinet,1,Open the middle layer of the drawer,none,none,"[""drawer handle"", ""drawer""]",0,0,0,bdc62093eb426d57,bdc62093eb426d57,baseline_primary
goal,shadow_k2,position,open_the_middle_drawer_of_the_cabinet,2,Open the middle layer of the drawer,none,none,"[""drawer handle"", ""drawer""]",0,0,0,c08b26f776fbee6e,bdc62093eb426d57,baseline_primary
goal,shadow_k2,position,open_the_middle_drawer_of_the_cabinet,3,Open the middle layer of the drawer,none,none,"[""drawer handle"", ""drawer""]",0,0,0,bdc62093eb426d57,bdc62093eb426d57,baseline_primary
goal,shadow_k2,position,open_the_middle_drawer_of_the_cabinet,4,Open the middle layer of the drawer,none,none,"[""drawer handle"", ""drawer""]",0,0,0,2f5208300f0da6b2,bdc62093eb426d57,baseline_primary
goal,shadow_k2,position,open_the_middle_drawer_of_the_cabinet,5,Open the middle layer of the drawer,none,none,"[""drawer handle"", ""drawer""]",0,0,0,bdc62093eb426d57,bdc62093eb426d57,baseline_primary
goal,shadow_k2,position,open_the_middle_drawer_of_the_cabinet,6,Open the middle layer of the drawer,none,none,"[""drawer handle"", ""drawer""]",0,0,0,bdc62093eb426d57,bdc62093eb426d57,baseline_primary
goal,shadow_k2,position,open_the_middle_drawer_of_the_cabinet,7,Open the middle layer of the drawer,none,none,"[""drawer handle"", ""drawer""]",0,0,0,bdc62093eb426d57,bdc62093eb426d57,baseline_primary
goal,shadow_k2,position,open_the_middle_drawer_of_the_cabinet,8,Open the middle layer of the drawer,none,none,"[""drawer handle"", ""drawer""]",0,0,0,6e487b788f9092ed,bdc62093eb426d57,baseline_primary
goal,shadow_k2,position,open_the_middle_drawer_of_the_cabinet,9,Open the middle layer of the drawer,none,none,"[""drawer handle"", ""drawer""]",0,0,0,c08b26f776fbee6e,bdc62093eb426d57,baseline_primary
goal,shadow_k2,position,put_the_bowl_on_the_stove,0,Put the bowl on the stove,akita_black_bowl,flat_stove,"[""small round bowl"", ""black bowl"", ""bowl"", ""round black container"", ""dark bowl"", ""stove"", ""flat stove"", ""stove knob"", ""stove"", ""flat stove""]",0,0,0,e263fc55f5d5f96c,8958b66d97c33f28,shadow_winner0
goal,shadow_k2,position,put_the_bowl_on_the_stove,1,Put the bowl on the stove,akita_black_bowl,flat_stove,"[""small round bowl"", ""black bowl"", ""bowl"", ""round black container"", ""dark bowl"", ""stove"", ""flat stove"", ""stove knob"", ""stove"", ""flat stove""]",0,1,1,8958b66d97c33f28,8958b66d97c33f28,shadow_winner0
goal,shadow_k2,position,put_the_bowl_on_the_stove,3,Put the bowl on the stove,akita_black_bowl,flat_stove,"[""small round bowl"", ""black bowl"", ""bowl"", ""round black container"", ""dark bowl"", ""stove"", ""flat stove"", ""stove knob"", ""stove"", ""flat stove""]",0,0,0,faf57b6b2e7c6535,8958b66d97c33f28,shadow_winner0
goal,shadow_k2,position,put_the_bowl_on_the_stove,5,Put the bowl on the stove,akita_black_bowl,flat_stove,"[""small round bowl"", ""black bowl"", ""bowl"", ""round black container"", ""dark bowl"", ""stove"", ""flat stove"", ""stove knob"", ""stove"", ""flat stove""]",0,0,0,fab398efa1754a02,8958b66d97c33f28,shadow_winner0
goal,shadow_k2,position,put_the_bowl_on_the_stove,6,Put the bowl on the stove,akita_black_bowl,flat_stove,"[""small round bowl"", ""black bowl"", ""bowl"", ""round black container"", ""dark bowl"", ""stove"", ""flat stove"", ""stove knob"", ""stove"", ""flat stove""]",0,0,0,e263fc55f5d5f96c,8958b66d97c33f28,shadow_winner0
goal,shadow_k2,position,put_the_wine_bottle_on_top_of_the_cabinet,3,Put the wine bottle on the top of the drawer,wine_bottle,wooden_cabinet,"[""wine bottle"", ""green glass bottle"", ""wooden cabinet"", ""cabinet"", ""drawer handle"", ""drawer""]",0,0,0,b772f9bdb63de99f,d9632993e755c686,shadow_winner0
goal,shadow_k2,position,put_the_wine_bottle_on_top_of_the_cabinet,6,Put the wine bottle on the top of the drawer,wine_bottle,wooden_cabinet,"[""wine bottle"", ""green glass bottle"", ""wooden cabinet"", ""cabinet"", ""drawer handle"", ""drawer""]",0,0,0,d41b4152f3a92a4e,d9632993e755c686,shadow_winner0
goal,shadow_k2,position,put_the_wine_bottle_on_top_of_the_cabinet,7,Put the wine bottle on the top of the drawer,wine_bottle,wooden_cabinet,"[""wine bottle"", ""green glass bottle"", ""wooden cabinet"", ""cabinet"", ""drawer handle"", ""drawer""]",0,0,0,d9632993e755c686,d9632993e755c686,shadow_winner0
goal,shadow_k2,position,open_the_top_drawer_and_put_the_bowl_inside,0,Open the top layer of the drawer and put the bowl inside,akita_black_bowl,wooden_cabinet,"[""small round bowl"", ""black bowl"", ""bowl"", ""round black container"", ""dark bowl"", ""wooden cabinet"", ""cabinet"", ""drawer handle"", ""drawer""]",0,0,0,665d6d51907253af,77860d164f34e50e,baseline_primary
goal,shadow_k2,position,open_the_top_drawer_and_put_the_bowl_inside,1,Open the top layer of the drawer and put the bowl inside,akita_black_bowl,wooden_cabinet,"[""small round bowl"", ""black bowl"", ""bowl"", ""round black container"", ""dark bowl"", ""wooden cabinet"", ""cabinet"", ""drawer handle"", ""drawer""]",0,0,0,e7c5653858df0602,77860d164f34e50e,baseline_primary
goal,shadow_k2,position,open_the_top_drawer_and_put_the_bowl_inside,2,Open the top layer of the drawer and put the bowl inside,akita_black_bowl,wooden_cabinet,"[""small round bowl"", ""black bowl"", ""bowl"", ""round black container"", ""dark bowl"", ""wooden cabinet"", ""cabinet"", ""drawer handle"", ""drawer""]",0,0,0,,77860d164f34e50e,baseline_primary
goal,shadow_k2,position,open_the_top_drawer_and_put_the_bowl_inside,3,Open the top layer of the drawer and put the bowl inside,akita_black_bowl,wooden_cabinet,"[""small round bowl"", ""black bowl"", ""bowl"", ""round black container"", ""dark bowl"", ""wooden cabinet"", ""cabinet"", ""drawer handle"", ""drawer""]",0,0,0,77860d164f34e50e,77860d164f34e50e,baseline_primary
goal,shadow_k2,position,open_the_top_drawer_and_put_the_bowl_inside,4,Open the top layer of the drawer and put the bowl inside,akita_black_bowl,wooden_cabinet,"[""small round bowl"", ""black bowl"", ""bowl"", ""round black container"", ""dark bowl"", ""wooden cabinet"", ""cabinet"", ""drawer handle"", ""drawer""]",0,0,0,77860d164f34e50e,77860d164f34e50e,baseline_primary
goal,shadow_k2,position,open_the_top_drawer_and_put_the_bowl_inside,5,Open the top layer of the drawer and put the bowl inside,akita_black_bowl,wooden_cabinet,"[""small round bowl"", ""black bowl"", ""bowl"", ""round black container"", ""dark bowl"", ""wooden cabinet"", ""cabinet"", ""drawer handle"", ""drawer""]",0,0,0,51c0b92487aaec36,77860d164f34e50e,baseline_primary
goal,shadow_k2,position,open_the_top_drawer_and_put_the_bowl_inside,6,Open the top layer of the drawer and put the bowl inside,akita_black_bowl,wooden_cabinet,"[""small round bowl"", ""black bowl"", ""bowl"", ""round black container"", ""dark bowl"", ""wooden cabinet"", ""cabinet"", ""drawer handle"", ""drawer""]",0,0,0,665d6d51907253af,77860d164f34e50e,baseline_primary
goal,shadow_k2,position,open_the_top_drawer_and_put_the_bowl_inside,7,Open the top layer of the drawer and put the bowl inside,akita_black_bowl,wooden_cabinet,"[""small round bowl"", ""black bowl"", ""bowl"", ""round black container"", ""dark bowl"", ""wooden cabinet"", ""cabinet"", ""drawer handle"", ""drawer""]",0,0,0,1ff145a93f4113ae,77860d164f34e50e,baseline_primary
goal,shadow_k2,position,open_the_top_drawer_and_put_the_bowl_inside,8,Open the top layer of the drawer and put the bowl inside,akita_black_bowl,wooden_cabinet,"[""small round bowl"", ""black bowl"", ""bowl"", ""round black container"", ""dark bowl"", ""wooden cabinet"", ""cabinet"", ""drawer handle"", ""drawer""]",0,0,0,ff3ea294fa194ad7,77860d164f34e50e,baseline_primary
goal,shadow_k2,position,open_the_top_drawer_and_put_the_bowl_inside,9,Open the top layer of the drawer and put the bowl inside,akita_black_bowl,wooden_cabinet,"[""small round bowl"", ""black bowl"", ""bowl"", ""round black container"", ""dark bowl"", ""wooden cabinet"", ""cabinet"", ""drawer handle"", ""drawer""]",0,0,0,0d895f21d02d8f8e,77860d164f34e50e,baseline_primary
goal,shadow_k2,position,put_the_bowl_on_top_of_the_cabinet,0,Put the bowl on the top of the drawer,akita_black_bowl,wooden_cabinet,"[""small round bowl"", ""black bowl"", ""bowl"", ""round black container"", ""dark bowl"", ""wooden cabinet"", ""cabinet"", ""drawer handle"", ""drawer""]",0,0,0,fc329f9a3822c31d,a906afce1ebcb3e2,shadow_winner0
goal,shadow_k2,position,put_the_bowl_on_top_of_the_cabinet,1,Put the bowl on the top of the drawer,akita_black_bowl,wooden_cabinet,"[""small round bowl"", ""black bowl"", ""bowl"", ""round black container"", ""dark bowl"", ""wooden cabinet"", ""cabinet"", ""drawer handle"", ""drawer""]",0,0,0,,a906afce1ebcb3e2,shadow_winner0
goal,shadow_k2,position,put_the_bowl_on_top_of_the_cabinet,2,Put the bowl on the top of the drawer,akita_black_bowl,wooden_cabinet,"[""small round bowl"", ""black bowl"", ""bowl"", ""round black container"", ""dark bowl"", ""wooden cabinet"", ""cabinet"", ""drawer handle"", ""drawer""]",0,0,0,e3627cd0ff417148,a906afce1ebcb3e2,shadow_winner0
goal,shadow_k2,position,put_the_bowl_on_top_of_the_cabinet,3,Put the bowl on the top of the drawer,akita_black_bowl,wooden_cabinet,"[""small round bowl"", ""black bowl"", ""bowl"", ""round black container"", ""dark bowl"", ""wooden cabinet"", ""cabinet"", ""drawer handle"", ""drawer""]",0,0,0,,a906afce1ebcb3e2,shadow_winner0
goal,shadow_k2,position,put_the_bowl_on_top_of_the_cabinet,5,Put the bowl on the top of the drawer,akita_black_bowl,wooden_cabinet,"[""small round bowl"", ""black bowl"", ""bowl"", ""round black container"", ""dark bowl"", ""wooden cabinet"", ""cabinet"", ""drawer handle"", ""drawer""]",0,0,0,,a906afce1ebcb3e2,shadow_winner0
goal,shadow_k2,position,put_the_bowl_on_top_of_the_cabinet,6,Put the bowl on the top of the drawer,akita_black_bowl,wooden_cabinet,"[""small round bowl"", ""black bowl"", ""bowl"", ""round black container"", ""dark bowl"", ""wooden cabinet"", ""cabinet"", ""drawer handle"", ""drawer""]",0,0,0,,a906afce1ebcb3e2,shadow_winner0
goal,shadow_k2,position,put_the_bowl_on_top_of_the_cabinet,7,Put the bowl on the top of the drawer,akita_black_bowl,wooden_cabinet,"[""small round bowl"", ""black bowl"", ""bowl"", ""round black container"", ""dark bowl"", ""wooden cabinet"", ""cabinet"", ""drawer handle"", ""drawer""]",0,0,0,a8bc2bda250f7076,a906afce1ebcb3e2,shadow_winner0
goal,shadow_k2,position,put_the_bowl_on_top_of_the_cabinet,8,Put the bowl on the top of the drawer,akita_black_bowl,wooden_cabinet,"[""small round bowl"", ""black bowl"", ""bowl"", ""round black container"", ""dark bowl"", ""wooden cabinet"", ""cabinet"", ""drawer handle"", ""drawer""]",0,0,0,,a906afce1ebcb3e2,shadow_winner0
goal,shadow_k2,position,put_the_bowl_on_top_of_the_cabinet,9,Put the bowl on the top of the drawer,akita_black_bowl,wooden_cabinet,"[""small round bowl"", ""black bowl"", ""bowl"", ""round black container"", ""dark bowl"", ""wooden cabinet"", ""cabinet"", ""drawer handle"", ""drawer""]",0,0,0,a906afce1ebcb3e2,a906afce1ebcb3e2,shadow_winner0
goal,shadow_k2,position,push_the_plate_to_the_front_of_the_stove,0,Push the plate to the front of the stove,plate,main_table_stove_front,"[""plate"", ""white plate"", ""stove knob"", ""stove"", ""flat stove""]",0,0,0,83577e602ba7ade2,83577e602ba7ade2,baseline_primary
goal,shadow_k2,position,push_the_plate_to_the_front_of_the_stove,1,Push the plate to the front of the stove,plate,main_table_stove_front,"[""plate"", ""white plate"", ""stove knob"", ""stove"", ""flat stove""]",0,0,0,83577e602ba7ade2,83577e602ba7ade2,baseline_primary
goal,shadow_k2,position,push_the_plate_to_the_front_of_the_stove,2,Push the plate to the front of the stove,plate,main_table_stove_front,"[""plate"", ""white plate"", ""stove knob"", ""stove"", ""flat stove""]",0,0,0,83577e602ba7ade2,83577e602ba7ade2,baseline_primary
goal,shadow_k2,position,push_the_plate_to_the_front_of_the_stove,3,Push the plate to the front of the stove,plate,main_table_stove_front,"[""plate"", ""white plate"", ""stove knob"", ""stove"", ""flat stove""]",0,0,0,83577e602ba7ade2,83577e602ba7ade2,baseline_primary
goal,shadow_k2,position,push_the_plate_to_the_front_of_the_stove,4,Push the plate to the front of the stove,plate,main_table_stove_front,"[""plate"", ""white plate"", ""stove knob"", ""stove"", ""flat stove""]",0,0,0,83577e602ba7ade2,83577e602ba7ade2,baseline_primary
goal,shadow_k2,position,push_the_plate_to_the_front_of_the_stove,5,Push the plate to the front of the stove,plate,main_table_stove_front,"[""plate"", ""white plate"", ""stove knob"", ""stove"", ""flat stove""]",0,0,0,83577e602ba7ade2,83577e602ba7ade2,baseline_primary
goal,shadow_k2,position,push_the_plate_to_the_front_of_the_stove,6,Push the plate to the front of the stove,plate,main_table_stove_front,"[""plate"", ""white plate"", ""stove knob"", ""stove"", ""flat stove""]",0,0,0,83577e602ba7ade2,83577e602ba7ade2,baseline_primary
goal,shadow_k2,position,push_the_plate_to_the_front_of_the_stove,7,Push the plate to the front of the stove,plate,main_table_stove_front,"[""plate"", ""white plate"", ""stove knob"", ""stove"", ""flat stove""]",0,0,0,83577e602ba7ade2,83577e602ba7ade2,baseline_primary
goal,shadow_k2,position,push_the_plate_to_the_front_of_the_stove,8,Push the plate to the front of the stove,plate,main_table_stove_front,"[""plate"", ""white plate"", ""stove knob"", ""stove"", ""flat stove""]",0,0,0,83577e602ba7ade2,83577e602ba7ade2,baseline_primary
goal,shadow_k2,position,push_the_plate_to_the_front_of_the_stove,9,Push the plate to the front of the stove,plate,main_table_stove_front,"[""plate"", ""white plate"", ""stove knob"", ""stove"", ""flat stove""]",0,0,0,83577e602ba7ade2,83577e602ba7ade2,baseline_primary
goal,shadow_k2,position,put_the_cream_cheese_in_the_bowl,0,Put the cream cheese on the bowl,cream_cheese,akita_black_bowl,"[""cream cheese box"", ""small white rectangular box"", ""small round bowl"", ""black bowl""]",0,0,0,ae0abc1f5ee6c86f,ef56048332fe5160,baseline_primary
goal,shadow_k2,position,put_the_cream_cheese_in_the_bowl,1,Put the cream cheese on the bowl,cream_cheese,akita_black_bowl,"[""cream cheese box"", ""small white rectangular box"", ""small round bowl"", ""black bowl""]",0,0,0,ae0abc1f5ee6c86f,ef56048332fe5160,baseline_primary
goal,shadow_k2,position,put_the_cream_cheese_in_the_bowl,2,Put the cream cheese on the bowl,cream_cheese,akita_black_bowl,"[""cream cheese box"", ""small white rectangular box"", ""small round bowl"", ""black bowl""]",0,0,0,f73356e7c0ff83c3,ef56048332fe5160,baseline_primary
goal,shadow_k2,position,put_the_cream_cheese_in_the_bowl,3,Put the cream cheese on the bowl,cream_cheese,akita_black_bowl,"[""cream cheese box"", ""small white rectangular box"", ""small round bowl"", ""black bowl""]",0,0,0,ef56048332fe5160,ef56048332fe5160,baseline_primary
goal,shadow_k2,position,put_the_cream_cheese_in_the_bowl,4,Put the cream cheese on the bowl,cream_cheese,akita_black_bowl,"[""cream cheese box"", ""small white rectangular box"", ""small round bowl"", ""black bowl""]",0,0,0,b6e7743e2e144c64,ef56048332fe5160,baseline_primary
goal,shadow_k2,position,put_the_cream_cheese_in_the_bowl,5,Put the cream cheese on the bowl,cream_cheese,akita_black_bowl,"[""cream cheese box"", ""small white rectangular box"", ""small round bowl"", ""black bowl""]",0,0,0,ae0abc1f5ee6c86f,ef56048332fe5160,baseline_primary
goal,shadow_k2,position,put_the_cream_cheese_in_the_bowl,6,Put the cream cheese on the bowl,cream_cheese,akita_black_bowl,"[""cream cheese box"", ""small white rectangular box"", ""small round bowl"", ""black bowl""]",0,0,0,ef56048332fe5160,ef56048332fe5160,baseline_primary
goal,shadow_k2,position,put_the_cream_cheese_in_the_bowl,7,Put the cream cheese on the bowl,cream_cheese,akita_black_bowl,"[""cream cheese box"", ""small white rectangular box"", ""small round bowl"", ""black bowl""]",0,0,0,ae0abc1f5ee6c86f,ef56048332fe5160,baseline_primary
goal,shadow_k2,position,put_the_cream_cheese_in_the_bowl,8,Put the cream cheese on the bowl,cream_cheese,akita_black_bowl,"[""cream cheese box"", ""small white rectangular box"", ""small round bowl"", ""black bowl""]",0,0,0,afbc02c1bad4f30d,ef56048332fe5160,baseline_primary
goal,shadow_k2,position,put_the_cream_cheese_in_the_bowl,9,Put the cream cheese on the bowl,cream_cheese,akita_black_bowl,"[""cream cheese box"", ""small white rectangular box"", ""small round bowl"", ""black bowl""]",0,0,0,afbc02c1bad4f30d,ef56048332fe5160,baseline_primary
goal,shadow_k2,position,put_the_bowl_on_the_plate,8,Put the bowl on the plate,akita_black_bowl,plate,"[""small round bowl"", ""black bowl"", ""bowl"", ""round black container"", ""dark bowl"", ""plate"", ""white plate""]",0,0,0,c4164a454672dc93,d98097a280d20f67,shadow_winner0
goal,shadow_k2,position,put_the_wine_bottle_on_the_rack,0,Put the wine bottle on the rack,wine_bottle,wine_rack,"[""wine bottle"", ""green glass bottle"", ""wine rack"", ""rack"", ""wine rack"", ""rack""]",0,0,0,2302e0564ec95f57,d740ae32cf228e58,baseline_primary
goal,shadow_k2,position,put_the_wine_bottle_on_the_rack,1,Put the wine bottle on the rack,wine_bottle,wine_rack,"[""wine bottle"", ""green glass bottle"", ""wine rack"", ""rack"", ""wine rack"", ""rack""]",0,0,0,1f8be45a94da0c93,d740ae32cf228e58,baseline_primary
goal,shadow_k2,position,put_the_wine_bottle_on_the_rack,2,Put the wine bottle on the rack,wine_bottle,wine_rack,"[""wine bottle"", ""green glass bottle"", ""wine rack"", ""rack"", ""wine rack"", ""rack""]",0,0,0,1f8be45a94da0c93,d740ae32cf228e58,baseline_primary
goal,shadow_k2,position,put_the_wine_bottle_on_the_rack,3,Put the wine bottle on the rack,wine_bottle,wine_rack,"[""wine bottle"", ""green glass bottle"", ""wine rack"", ""rack"", ""wine rack"", ""rack""]",0,0,0,39abf6fdffddac56,d740ae32cf228e58,baseline_primary
goal,shadow_k2,position,put_the_wine_bottle_on_the_rack,4,Put the wine bottle on the rack,wine_bottle,wine_rack,"[""wine bottle"", ""green glass bottle"", ""wine rack"", ""rack"", ""wine rack"", ""rack""]",0,0,0,1f8be45a94da0c93,d740ae32cf228e58,baseline_primary
goal,shadow_k2,position,put_the_wine_bottle_on_the_rack,5,Put the wine bottle on the rack,wine_bottle,wine_rack,"[""wine bottle"", ""green glass bottle"", ""wine rack"", ""rack"", ""wine rack"", ""rack""]",0,0,0,1f8be45a94da0c93,d740ae32cf228e58,baseline_primary
goal,shadow_k2,position,put_the_wine_bottle_on_the_rack,6,Put the wine bottle on the rack,wine_bottle,wine_rack,"[""wine bottle"", ""green glass bottle"", ""wine rack"", ""rack"", ""wine rack"", ""rack""]",0,0,0,39abf6fdffddac56,d740ae32cf228e58,baseline_primary
goal,shadow_k2,position,put_the_wine_bottle_on_the_rack,7,Put the wine bottle on the rack,wine_bottle,wine_rack,"[""wine bottle"", ""green glass bottle"", ""wine rack"", ""rack"", ""wine rack"", ""rack""]",0,0,0,b1782660fd4de488,d740ae32cf228e58,baseline_primary
goal,shadow_k2,position,put_the_wine_bottle_on_the_rack,8,Put the wine bottle on the rack,wine_bottle,wine_rack,"[""wine bottle"", ""green glass bottle"", ""wine rack"", ""rack"", ""wine rack"", ""rack""]",0,0,0,d226ed1a4a10479d,d740ae32cf228e58,baseline_primary
goal,shadow_k2,position,put_the_wine_bottle_on_the_rack,9,Put the wine bottle on the rack,wine_bottle,wine_rack,"[""wine bottle"", ""green glass bottle"", ""wine rack"", ""rack"", ""wine rack"", ""rack""]",0,0,0,39abf6fdffddac56,d740ae32cf228e58,baseline_primary
goal,shadow_k2,task,open_the_middle_drawer_of_the_cabinet,0,open the bottom drawer of the cabinet,none,none,"[""bottom drawer handle"", ""bottom drawer"", ""drawer handle"", ""drawer""]",0,0,0,dd617c6b7d018f0c,dd617c6b7d018f0c,baseline_primary
goal,shadow_k2,task,open_the_middle_drawer_of_the_cabinet,1,open the bottom drawer of the cabinet,none,none,"[""bottom drawer handle"", ""bottom drawer"", ""drawer handle"", ""drawer""]",0,0,0,c52a1324e82e65ae,dd617c6b7d018f0c,baseline_primary
goal,shadow_k2,task,open_the_middle_drawer_of_the_cabinet,2,open the bottom drawer of the cabinet,none,none,"[""bottom drawer handle"", ""bottom drawer"", ""drawer handle"", ""drawer""]",0,0,0,dd617c6b7d018f0c,dd617c6b7d018f0c,baseline_primary
goal,shadow_k2,task,open_the_middle_drawer_of_the_cabinet,3,open the bottom drawer of the cabinet,none,none,"[""bottom drawer handle"", ""bottom drawer"", ""drawer handle"", ""drawer""]",0,0,0,dd617c6b7d018f0c,dd617c6b7d018f0c,baseline_primary
goal,shadow_k2,task,open_the_middle_drawer_of_the_cabinet,4,open the bottom drawer of the cabinet,none,none,"[""bottom drawer handle"", ""bottom drawer"", ""drawer handle"", ""drawer""]",0,0,0,dd617c6b7d018f0c,dd617c6b7d018f0c,baseline_primary
goal,shadow_k2,task,open_the_middle_drawer_of_the_cabinet,5,open the bottom drawer of the cabinet,none,none,"[""bottom drawer handle"", ""bottom drawer"", ""drawer handle"", ""drawer""]",0,0,0,dd617c6b7d018f0c,dd617c6b7d018f0c,baseline_primary
goal,shadow_k2,task,open_the_middle_drawer_of_the_cabinet,6,open the bottom drawer of the cabinet,none,none,"[""bottom drawer handle"", ""bottom drawer"", ""drawer handle"", ""drawer""]",0,0,0,dd617c6b7d018f0c,dd617c6b7d018f0c,baseline_primary
goal,shadow_k2,task,open_the_middle_drawer_of_the_cabinet,7,open the bottom drawer of the cabinet,none,none,"[""bottom drawer handle"", ""bottom drawer"", ""drawer handle"", ""drawer""]",0,0,0,dd617c6b7d018f0c,dd617c6b7d018f0c,baseline_primary
goal,shadow_k2,task,open_the_middle_drawer_of_the_cabinet,8,open the bottom drawer of the cabinet,none,none,"[""bottom drawer handle"", ""bottom drawer"", ""drawer handle"", ""drawer""]",0,0,0,c52a1324e82e65ae,dd617c6b7d018f0c,baseline_primary
goal,shadow_k2,task,open_the_middle_drawer_of_the_cabinet,9,open the bottom drawer of the cabinet,none,none,"[""bottom drawer handle"", ""bottom drawer"", ""drawer handle"", ""drawer""]",0,0,0,ddd40c4a654737ad,dd617c6b7d018f0c,baseline_primary
goal,shadow_k2,task,put_the_bowl_on_the_stove,0,Put the plate on the stove,plate,flat_stove,"[""plate"", ""white plate"", ""stove"", ""flat stove"", ""stove knob"", ""stove"", ""flat stove""]",0,0,0,94e92a3ee5385da0,94e92a3ee5385da0,baseline_primary
goal,shadow_k2,task,put_the_bowl_on_the_stove,1,Put the plate on the stove,plate,flat_stove,"[""plate"", ""white plate"", ""stove"", ""flat stove"", ""stove knob"", ""stove"", ""flat stove""]",0,0,0,94e92a3ee5385da0,94e92a3ee5385da0,baseline_primary
goal,shadow_k2,task,put_the_bowl_on_the_stove,2,Put the plate on the stove,plate,flat_stove,"[""plate"", ""white plate"", ""stove"", ""flat stove"", ""stove knob"", ""stove"", ""flat stove""]",0,0,0,94e92a3ee5385da0,94e92a3ee5385da0,baseline_primary
goal,shadow_k2,task,put_the_bowl_on_the_stove,3,Put the plate on the stove,plate,flat_stove,"[""plate"", ""white plate"", ""stove"", ""flat stove"", ""stove knob"", ""stove"", ""flat stove""]",0,0,0,d0cf9c6a3808d81d,94e92a3ee5385da0,baseline_primary
goal,shadow_k2,task,put_the_bowl_on_the_stove,4,Put the plate on the stove,plate,flat_stove,"[""plate"", ""white plate"", ""stove"", ""flat stove"", ""stove knob"", ""stove"", ""flat stove""]",0,0,0,94e92a3ee5385da0,94e92a3ee5385da0,baseline_primary
goal,shadow_k2,task,put_the_bowl_on_the_stove,5,Put the plate on the stove,plate,flat_stove,"[""plate"", ""white plate"", ""stove"", ""flat stove"", ""stove knob"", ""stove"", ""flat stove""]",0,0,0,1e4355c7b208d3ad,94e92a3ee5385da0,baseline_primary
goal,shadow_k2,task,put_the_bowl_on_the_stove,6,Put the plate on the stove,plate,flat_stove,"[""plate"", ""white plate"", ""stove"", ""flat stove"", ""stove knob"", ""stove"", ""flat stove""]",0,0,0,94e92a3ee5385da0,94e92a3ee5385da0,baseline_primary
goal,shadow_k2,task,put_the_bowl_on_the_stove,7,Put the plate on the stove,plate,flat_stove,"[""plate"", ""white plate"", ""stove"", ""flat stove"", ""stove knob"", ""stove"", ""flat stove""]",0,0,0,94e92a3ee5385da0,94e92a3ee5385da0,baseline_primary
goal,shadow_k2,task,put_the_bowl_on_the_stove,8,Put the plate on the stove,plate,flat_stove,"[""plate"", ""white plate"", ""stove"", ""flat stove"", ""stove knob"", ""stove"", ""flat stove""]",0,0,0,1e4355c7b208d3ad,94e92a3ee5385da0,baseline_primary
goal,shadow_k2,task,put_the_bowl_on_the_stove,9,Put the plate on the stove,plate,flat_stove,"[""plate"", ""white plate"", ""stove"", ""flat stove"", ""stove knob"", ""stove"", ""flat stove""]",0,0,0,b972754e95bc1b0a,94e92a3ee5385da0,baseline_primary
goal,shadow_k2,task,put_the_wine_bottle_on_top_of_the_cabinet,3,put the wine bottle in the bowl,wine_bottle,akita_black_bowl,"[""wine bottle"", ""green glass bottle"", ""small round bowl"", ""black bowl""]",0,0,0,96eec19a9ba8281a,96eec19a9ba8281a,shadow_winner0
goal,shadow_k2,task,put_the_wine_bottle_on_top_of_the_cabinet,7,put the wine bottle in the bowl,wine_bottle,akita_black_bowl,"[""wine bottle"", ""green glass bottle"", ""small round bowl"", ""black bowl""]",0,0,0,96eec19a9ba8281a,96eec19a9ba8281a,shadow_winner0
goal,shadow_k2,task,put_the_wine_bottle_on_top_of_the_cabinet,8,put the wine bottle in the bowl,wine_bottle,akita_black_bowl,"[""wine bottle"", ""green glass bottle"", ""small round bowl"", ""black bowl""]",0,0,0,c87e5de6538cfdb0,96eec19a9ba8281a,shadow_winner0
goal,shadow_k2,task,put_the_wine_bottle_on_top_of_the_cabinet,9,put the wine bottle in the bowl,wine_bottle,akita_black_bowl,"[""wine bottle"", ""green glass bottle"", ""small round bowl"", ""black bowl""]",0,0,0,96eec19a9ba8281a,96eec19a9ba8281a,shadow_winner0
goal,shadow_k2,task,open_the_top_drawer_and_put_the_bowl_inside,0,Open the top layer of the drawer and put the cream cheese inside,cream_cheese,wooden_cabinet,"[""cream cheese box"", ""small white rectangular box"", ""wooden cabinet"", ""cabinet"", ""drawer handle"", ""drawer""]",0,0,0,99e1da0d25a24c31,8c2f2c9c65ccce2e,baseline_primary
goal,shadow_k2,task,open_the_top_drawer_and_put_the_bowl_inside,1,Open the top layer of the drawer and put the cream cheese inside,cream_cheese,wooden_cabinet,"[""cream cheese box"", ""small white rectangular box"", ""wooden cabinet"", ""cabinet"", ""drawer handle"", ""drawer""]",0,0,0,364268e3c8e8cdaa,8c2f2c9c65ccce2e,baseline_primary
goal,shadow_k2,task,open_the_top_drawer_and_put_the_bowl_inside,2,Open the top layer of the drawer and put the cream cheese inside,cream_cheese,wooden_cabinet,"[""cream cheese box"", ""small white rectangular box"", ""wooden cabinet"", ""cabinet"", ""drawer handle"", ""drawer""]",0,0,0,49953e0115fc0f93,8c2f2c9c65ccce2e,baseline_primary
goal,shadow_k2,task,open_the_top_drawer_and_put_the_bowl_inside,3,Open the top layer of the drawer and put the cream cheese inside,cream_cheese,wooden_cabinet,"[""cream cheese box"", ""small white rectangular box"", ""wooden cabinet"", ""cabinet"", ""drawer handle"", ""drawer""]",0,0,0,4495d594bf768e12,8c2f2c9c65ccce2e,baseline_primary
goal,shadow_k2,task,open_the_top_drawer_and_put_the_bowl_inside,4,Open the top layer of the drawer and put the cream cheese inside,cream_cheese,wooden_cabinet,"[""cream cheese box"", ""small white rectangular box"", ""wooden cabinet"", ""cabinet"", ""drawer handle"", ""drawer""]",0,0,0,a5cbcdb587a4da55,8c2f2c9c65ccce2e,baseline_primary
goal,shadow_k2,task,open_the_top_drawer_and_put_the_bowl_inside,5,Open the top layer of the drawer and put the cream cheese inside,cream_cheese,wooden_cabinet,"[""cream cheese box"", ""small white rectangular box"", ""wooden cabinet"", ""cabinet"", ""drawer handle"", ""drawer""]",0,0,0,30e092fd56c422ce,8c2f2c9c65ccce2e,baseline_primary
goal,shadow_k2,task,open_the_top_drawer_and_put_the_bowl_inside,6,Open the top layer of the drawer and put the cream cheese inside,cream_cheese,wooden_cabinet,"[""cream cheese box"", ""small white rectangular box"", ""wooden cabinet"", ""cabinet"", ""drawer handle"", ""drawer""]",0,0,0,8c2f2c9c65ccce2e,8c2f2c9c65ccce2e,baseline_primary
goal,shadow_k2,task,open_the_top_drawer_and_put_the_bowl_inside,7,Open the top layer of the drawer and put the cream cheese inside,cream_cheese,wooden_cabinet,"[""cream cheese box"", ""small white rectangular box"", ""wooden cabinet"", ""cabinet"", ""drawer handle"", ""drawer""]",0,0,0,202c93153c04bcd7,8c2f2c9c65ccce2e,baseline_primary
goal,shadow_k2,task,open_the_top_drawer_and_put_the_bowl_inside,8,Open the top layer of the drawer and put the cream cheese inside,cream_cheese,wooden_cabinet,"[""cream cheese box"", ""small white rectangular box"", ""wooden cabinet"", ""cabinet"", ""drawer handle"", ""drawer""]",0,0,0,f2b0b0c67e629b6d,8c2f2c9c65ccce2e,baseline_primary
goal,shadow_k2,task,open_the_top_drawer_and_put_the_bowl_inside,9,Open the top layer of the drawer and put the cream cheese inside,cream_cheese,wooden_cabinet,"[""cream cheese box"", ""small white rectangular box"", ""wooden cabinet"", ""cabinet"", ""drawer handle"", ""drawer""]",0,0,0,74e1e8ebd2d15055,8c2f2c9c65ccce2e,baseline_primary
goal,shadow_k2,task,put_the_bowl_on_top_of_the_cabinet,0,Put the plate on the top of the drawer,plate,wooden_cabinet,"[""plate"", ""white plate"", ""wooden cabinet"", ""cabinet"", ""drawer handle"", ""drawer""]",0,0,0,de4b9703b397c9ad,de4b9703b397c9ad,baseline_primary
goal,shadow_k2,task,put_the_bowl_on_top_of_the_cabinet,1,Put the plate on the top of the drawer,plate,wooden_cabinet,"[""plate"", ""white plate"", ""wooden cabinet"", ""cabinet"", ""drawer handle"", ""drawer""]",0,0,0,de4b9703b397c9ad,de4b9703b397c9ad,baseline_primary
goal,shadow_k2,task,put_the_bowl_on_top_of_the_cabinet,2,Put the plate on the top of the drawer,plate,wooden_cabinet,"[""plate"", ""white plate"", ""wooden cabinet"", ""cabinet"", ""drawer handle"", ""drawer""]",0,0,0,2d43c71860d6f21e,de4b9703b397c9ad,baseline_primary
goal,shadow_k2,task,put_the_bowl_on_top_of_the_cabinet,3,Put the plate on the top of the drawer,plate,wooden_cabinet,"[""plate"", ""white plate"", ""wooden cabinet"", ""cabinet"", ""drawer handle"", ""drawer""]",0,0,0,de4b9703b397c9ad,de4b9703b397c9ad,baseline_primary
goal,shadow_k2,task,put_the_bowl_on_top_of_the_cabinet,4,Put the plate on the top of the drawer,plate,wooden_cabinet,"[""plate"", ""white plate"", ""wooden cabinet"", ""cabinet"", ""drawer handle"", ""drawer""]",0,0,0,695dce018681421e,de4b9703b397c9ad,baseline_primary
goal,shadow_k2,task,put_the_bowl_on_top_of_the_cabinet,5,Put the plate on the top of the drawer,plate,wooden_cabinet,"[""plate"", ""white plate"", ""wooden cabinet"", ""cabinet"", ""drawer handle"", ""drawer""]",0,0,0,de4b9703b397c9ad,de4b9703b397c9ad,baseline_primary
goal,shadow_k2,task,put_the_bowl_on_top_of_the_cabinet,6,Put the plate on the top of the drawer,plate,wooden_cabinet,"[""plate"", ""white plate"", ""wooden cabinet"", ""cabinet"", ""drawer handle"", ""drawer""]",0,0,0,f4910d80dd917d91,de4b9703b397c9ad,baseline_primary
goal,shadow_k2,task,put_the_bowl_on_top_of_the_cabinet,7,Put the plate on the top of the drawer,plate,wooden_cabinet,"[""plate"", ""white plate"", ""wooden cabinet"", ""cabinet"", ""drawer handle"", ""drawer""]",0,0,0,,de4b9703b397c9ad,baseline_primary
goal,shadow_k2,task,put_the_bowl_on_top_of_the_cabinet,8,Put the plate on the top of the drawer,plate,wooden_cabinet,"[""plate"", ""white plate"", ""wooden cabinet"", ""cabinet"", ""drawer handle"", ""drawer""]",0,0,0,de4b9703b397c9ad,de4b9703b397c9ad,baseline_primary
goal,shadow_k2,task,put_the_bowl_on_top_of_the_cabinet,9,Put the plate on the top of the drawer,plate,wooden_cabinet,"[""plate"", ""white plate"", ""wooden cabinet"", ""cabinet"", ""drawer handle"", ""drawer""]",0,0,0,d1b9ebc39e939bca,de4b9703b397c9ad,baseline_primary
goal,shadow_k2,task,push_the_plate_to_the_front_of_the_stove,0,Push the cream cheese to the front of the stove,cream_cheese,main_table_stove_front,"[""cream cheese box"", ""small white rectangular box"", ""stove knob"", ""stove"", ""flat stove""]",0,0,0,4cc2cf8717e5f39f,4cc2cf8717e5f39f,shadow_winner0
goal,shadow_k2,task,push_the_plate_to_the_front_of_the_stove,1,Push the cream cheese to the front of the stove,cream_cheese,main_table_stove_front,"[""cream cheese box"", ""small white rectangular box"", ""stove knob"", ""stove"", ""flat stove""]",0,0,0,4cc2cf8717e5f39f,4cc2cf8717e5f39f,shadow_winner0
goal,shadow_k2,task,push_the_plate_to_the_front_of_the_stove,2,Push the cream cheese to the front of the stove,cream_cheese,main_table_stove_front,"[""cream cheese box"", ""small white rectangular box"", ""stove knob"", ""stove"", ""flat stove""]",0,0,0,4cc2cf8717e5f39f,4cc2cf8717e5f39f,shadow_winner0
goal,shadow_k2,task,push_the_plate_to_the_front_of_the_stove,3,Push the cream cheese to the front of the stove,cream_cheese,main_table_stove_front,"[""cream cheese box"", ""small white rectangular box"", ""stove knob"", ""stove"", ""flat stove""]",0,0,0,4cc2cf8717e5f39f,4cc2cf8717e5f39f,shadow_winner0
goal,shadow_k2,task,push_the_plate_to_the_front_of_the_stove,4,Push the cream cheese to the front of the stove,cream_cheese,main_table_stove_front,"[""cream cheese box"", ""small white rectangular box"", ""stove knob"", ""stove"", ""flat stove""]",0,0,0,4cc2cf8717e5f39f,4cc2cf8717e5f39f,shadow_winner0
goal,shadow_k2,task,push_the_plate_to_the_front_of_the_stove,5,Push the cream cheese to the front of the stove,cream_cheese,main_table_stove_front,"[""cream cheese box"", ""small white rectangular box"", ""stove knob"", ""stove"", ""flat stove""]",0,0,0,4cc2cf8717e5f39f,4cc2cf8717e5f39f,shadow_winner0
goal,shadow_k2,task,push_the_plate_to_the_front_of_the_stove,6,Push the cream cheese to the front of the stove,cream_cheese,main_table_stove_front,"[""cream cheese box"", ""small white rectangular box"", ""stove knob"", ""stove"", ""flat stove""]",0,0,0,4cc2cf8717e5f39f,4cc2cf8717e5f39f,shadow_winner0
goal,shadow_k2,task,push_the_plate_to_the_front_of_the_stove,7,Push the cream cheese to the front of the stove,cream_cheese,main_table_stove_front,"[""cream cheese box"", ""small white rectangular box"", ""stove knob"", ""stove"", ""flat stove""]",0,0,0,4cc2cf8717e5f39f,4cc2cf8717e5f39f,shadow_winner0
goal,shadow_k2,task,push_the_plate_to_the_front_of_the_stove,8,Push the cream cheese to the front of the stove,cream_cheese,main_table_stove_front,"[""cream cheese box"", ""small white rectangular box"", ""stove knob"", ""stove"", ""flat stove""]",0,0,0,4cc2cf8717e5f39f,4cc2cf8717e5f39f,shadow_winner0
goal,shadow_k2,task,put_the_cream_cheese_in_the_bowl,3,put the wine bottle in the bowl,wine_bottle,akita_black_bowl,"[""wine bottle"", ""green glass bottle"", ""small round bowl"", ""black bowl""]",0,0,0,96eec19a9ba8281a,19d562ebf4edac4e,shadow_winner0
goal,shadow_k2,task,put_the_cream_cheese_in_the_bowl,7,put the wine bottle in the bowl,wine_bottle,akita_black_bowl,"[""wine bottle"", ""green glass bottle"", ""small round bowl"", ""black bowl""]",0,0,0,96eec19a9ba8281a,19d562ebf4edac4e,shadow_winner0
goal,shadow_k2,task,put_the_cream_cheese_in_the_bowl,8,put the wine bottle in the bowl,wine_bottle,akita_black_bowl,"[""wine bottle"", ""green glass bottle"", ""small round bowl"", ""black bowl""]",0,0,0,c87e5de6538cfdb0,19d562ebf4edac4e,shadow_winner0
goal,shadow_k2,task,put_the_cream_cheese_in_the_bowl,9,put the wine bottle in the bowl,wine_bottle,akita_black_bowl,"[""wine bottle"", ""green glass bottle"", ""small round bowl"", ""black bowl""]",0,0,0,96eec19a9ba8281a,19d562ebf4edac4e,shadow_winner0
goal,shadow_k2,task,turn_on_the_stove,0,Turn off the stove,flat_stove,none,"[""stove"", ""flat stove"", ""stove burner"", ""stove knob"", ""stove"", ""flat stove""]",0,0,0,,0b3954e3fb1a490e,baseline_primary
goal,shadow_k2,task,turn_on_the_stove,1,Turn off the stove,flat_stove,none,"[""stove"", ""flat stove"", ""stove burner"", ""stove knob"", ""stove"", ""flat stove""]",0,0,0,0b3954e3fb1a490e,0b3954e3fb1a490e,baseline_primary
goal,shadow_k2,task,turn_on_the_stove,2,Turn off the stove,flat_stove,none,"[""stove"", ""flat stove"", ""stove burner"", ""stove knob"", ""stove"", ""flat stove""]",0,0,0,3f4a67a76b2b2d2a,0b3954e3fb1a490e,baseline_primary
goal,shadow_k2,task,turn_on_the_stove,3,Turn off the stove,flat_stove,none,"[""stove"", ""flat stove"", ""stove burner"", ""stove knob"", ""stove"", ""flat stove""]",0,0,0,,0b3954e3fb1a490e,baseline_primary
goal,shadow_k2,task,turn_on_the_stove,4,Turn off the stove,flat_stove,none,"[""stove"", ""flat stove"", ""stove burner"", ""stove knob"", ""stove"", ""flat stove""]",0,0,0,dd47c29b45eef812,0b3954e3fb1a490e,baseline_primary
goal,shadow_k2,task,turn_on_the_stove,5,Turn off the stove,flat_stove,none,"[""stove"", ""flat stove"", ""stove burner"", ""stove knob"", ""stove"", ""flat stove""]",0,0,0,0b3954e3fb1a490e,0b3954e3fb1a490e,baseline_primary
goal,shadow_k2,task,turn_on_the_stove,6,Turn off the stove,flat_stove,none,"[""stove"", ""flat stove"", ""stove burner"", ""stove knob"", ""stove"", ""flat stove""]",0,0,0,0b3954e3fb1a490e,0b3954e3fb1a490e,baseline_primary
goal,shadow_k2,task,turn_on_the_stove,7,Turn off the stove,flat_stove,none,"[""stove"", ""flat stove"", ""stove burner"", ""stove knob"", ""stove"", ""flat stove""]",0,0,0,,0b3954e3fb1a490e,baseline_primary
goal,shadow_k2,task,turn_on_the_stove,8,Turn off the stove,flat_stove,none,"[""stove"", ""flat stove"", ""stove burner"", ""stove knob"", ""stove"", ""flat stove""]",0,0,0,0b3954e3fb1a490e,0b3954e3fb1a490e,baseline_primary
goal,shadow_k2,task,turn_on_the_stove,9,Turn off the stove,flat_stove,none,"[""stove"", ""flat stove"", ""stove burner"", ""stove knob"", ""stove"", ""flat stove""]",0,0,0,0b3954e3fb1a490e,0b3954e3fb1a490e,baseline_primary
goal,shadow_k2,task,put_the_bowl_on_the_plate,1,Put the wine bottle on the plate,wine_bottle,plate,"[""wine bottle"", ""green glass bottle"", ""plate"", ""white plate""]",0,0,0,9b8d05d33902b2fd,9b8d05d33902b2fd,shadow_winner0
goal,shadow_k2,task,put_the_bowl_on_the_plate,3,Put the wine bottle on the plate,wine_bottle,plate,"[""wine bottle"", ""green glass bottle"", ""plate"", ""white plate""]",0,1,1,9b8d05d33902b2fd,9b8d05d33902b2fd,shadow_winner0
goal,shadow_k2,task,put_the_bowl_on_the_plate,8,Put the wine bottle on the plate,wine_bottle,plate,"[""wine bottle"", ""green glass bottle"", ""plate"", ""white plate""]",0,1,1,9b8d05d33902b2fd,9b8d05d33902b2fd,shadow_winner0
goal,shadow_k2,task,put_the_bowl_on_the_plate,9,Put the wine bottle on the plate,wine_bottle,plate,"[""wine bottle"", ""green glass bottle"", ""plate"", ""white plate""]",0,1,1,9b8d05d33902b2fd,9b8d05d33902b2fd,shadow_winner0
goal,shadow_k2,task,put_the_wine_bottle_on_the_rack,0,Put the cream cheese on the rack,cream_cheese,wine_rack,"[""cream cheese box"", ""small white rectangular box"", ""wine rack"", ""rack"", ""wine rack"", ""rack""]",0,0,0,f91b3ef7c41d0adc,a54aaa615a14c86e,baseline_primary
goal,shadow_k2,task,put_the_wine_bottle_on_the_rack,1,Put the cream cheese on the rack,cream_cheese,wine_rack,"[""cream cheese box"", ""small white rectangular box"", ""wine rack"", ""rack"", ""wine rack"", ""rack""]",0,0,0,227ce194a1adcb60,a54aaa615a14c86e,baseline_primary
goal,shadow_k2,task,put_the_wine_bottle_on_the_rack,2,Put the cream cheese on the rack,cream_cheese,wine_rack,"[""cream cheese box"", ""small white rectangular box"", ""wine rack"", ""rack"", ""wine rack"", ""rack""]",0,0,0,ec5f16ae5b4195c9,a54aaa615a14c86e,baseline_primary
goal,shadow_k2,task,put_the_wine_bottle_on_the_rack,3,Put the cream cheese on the rack,cream_cheese,wine_rack,"[""cream cheese box"", ""small white rectangular box"", ""wine rack"", ""rack"", ""wine rack"", ""rack""]",0,0,0,491613d203c29139,a54aaa615a14c86e,baseline_primary
goal,shadow_k2,task,put_the_wine_bottle_on_the_rack,4,Put the cream cheese on the rack,cream_cheese,wine_rack,"[""cream cheese box"", ""small white rectangular box"", ""wine rack"", ""rack"", ""wine rack"", ""rack""]",0,0,0,aa7d290e80ad020d,a54aaa615a14c86e,baseline_primary
goal,shadow_k2,task,put_the_wine_bottle_on_the_rack,5,Put the cream cheese on the rack,cream_cheese,wine_rack,"[""cream cheese box"", ""small white rectangular box"", ""wine rack"", ""rack"", ""wine rack"", ""rack""]",0,0,0,c49f961c1f4c7624,a54aaa615a14c86e,baseline_primary
goal,shadow_k2,task,put_the_wine_bottle_on_the_rack,6,Put the cream cheese on the rack,cream_cheese,wine_rack,"[""cream cheese box"", ""small white rectangular box"", ""wine rack"", ""rack"", ""wine rack"", ""rack""]",0,0,0,1b33d8145a692393,a54aaa615a14c86e,baseline_primary
goal,shadow_k2,task,put_the_wine_bottle_on_the_rack,7,Put the cream cheese on the rack,cream_cheese,wine_rack,"[""cream cheese box"", ""small white rectangular box"", ""wine rack"", ""rack"", ""wine rack"", ""rack""]",0,0,0,b0fd14dffb1b5036,a54aaa615a14c86e,baseline_primary
goal,shadow_k2,task,put_the_wine_bottle_on_the_rack,8,Put the cream cheese on the rack,cream_cheese,wine_rack,"[""cream cheese box"", ""small white rectangular box"", ""wine rack"", ""rack"", ""wine rack"", ""rack""]",0,0,0,25fd956fc7c76d92,a54aaa615a14c86e,baseline_primary
goal,shadow_k2,task,put_the_wine_bottle_on_the_rack,9,Put the cream cheese on the rack,cream_cheese,wine_rack,"[""cream cheese box"", ""small white rectangular box"", ""wine rack"", ""rack"", ""wine rack"", ""rack""]",0,0,0,1b33d8145a692393,a54aaa615a14c86e,baseline_primary
